id,transaction_date,description,amount,reference_number
txn-0777,2024-12-19,ACH TRANSFER,2567.75,REF0777
txn-0508,2024-12-15,DEPOSIT S ADAMS,456.75,REF0508
txn-0896,2024-12-12,UNKNOWN DEPOSIT,2567.75,REF0896
txn-0923,2024-12-10,EXTERNAL TRANSFER IN,4499.23,EXT0923
txn-0034,2024-12-12,BAKER KENNETH PAYMENT,3456.00,REF0034
txn-0484,2024-12-24,D MARTINEZ CHECK,189.99,REF0484
txn-0086,2024-12-13,THOMAS WAYNE ROBINSON ACH PMT,4125.00,REF0086
txn-0751,2024-12-19,CHECK DEPOSIT,1100.00,REF0751
txn-0355,2024-12-13,"ROBERTS, RUTH ACH",892.50,REF0355
txn-0524,2024-12-21,M MITCHELL WIRE,234.25,REF0524
txn-0185,2024-12-23,DOROTHY MAE SCOTT ONLINE PMT,789.25,REF0185
txn-0810,2024-12-24,COUNTER DEPOSIT,1234.00,REF0810
txn-0419,2024-12-12,AMANDA W,3200.00,REF0419
txn-0616,2024-12-25,BAR LEE DEP,345.50,REF0616
txn-0683,2024-12-21,JEN GARCIA DEPOSIT,4500.00,REF0683
txn-0502,2024-12-12,DOR SCOTT WIRE,789.25,REF0502
txn-0761,2024-12-10,PAYMENT,9870.50,
txn-0050,2024-12-21,"WILSON, AMANDA ONLINE",3200.00,REF0050
txn-0733,2024-12-14,MISC PAYMENT,1678.00,
txn-0337,2024-12-21,SARAH ELIZABETH JONES DEPOSIT,1200.00,REF0337
txn-0451,2024-12-15,JOHNSON SARA,1200.00,REF0451
txn-0791,2024-12-10,CHECK DEPOSIT,1234.00,REF0791
txn-0351,2024-12-25,WRIGHT DONALD PAYMENT,2345.00,REF0351
txn-0468,2024-12-19,ONLINE J CLARK,1567.00,REF0468
txn-0623,2024-12-13,K ALLEN CHECK,534.00,REF0623
txn-0477,2024-12-13,NELSON ASHL,567.00,REF0477
txn-0615,2024-12-12,W JACKSON ACH PMT,299.00,REF0615
txn-0555,2024-12-22,BARBARA LEE,345.50,REF0555
txn-0366,2024-12-11,"HALL, CHARLES DEPOSIT",1890.75,REF0366
txn-0771,2024-12-18,PAYMENT,789.25,REF0771
txn-0631,2024-12-18,JONES S DEP,1200.00,REF0631
txn-0941,2024-12-19,INVESTMENT INCOME,756.49,EXT0941
txn-0798,2024-12-20,CHECK RECEIVED,456.75,REF0798
txn-0497,2024-12-24,E WHITE ACH,5600.00,REF0497
txn-0925,2024-12-12,LOAN DISBURSEMENT,13892.10,EXT0925
txn-0370,2024-12-11,MARIA TERESA CAMPBELL CHECK DEP,2567.75,REF0370
txn-0597,2024-12-19,JENNIFER G,4500.00,REF0597
txn-0721,2024-12-14,PAYMENT RECEIVED,432.75,REF0721
txn-0054,2024-12-25,TURNER BRIAN PAYMENT,4560.00,REF0054
txn-0427,2024-12-24,JAM HARRIS CHECK DEP,432.75,REF0427
txn-0057,2024-12-17,CARTER GEORGE CHECK,9870.50,REF0057
txn-0265,2024-12-23,ADAMS SANDRA CHECK DEP,456.75,REF0265
txn-0773,2024-12-15,ONLINE DEPOSIT,534.00,REF0773
txn-0186,2024-12-23,"THOMAS, MICHELLE WIRE",1875.50,REF0186
txn-0467,2024-12-18,ANDERSON ROBE,725.00,REF0467
txn-0790,2024-12-24,PAYMENT,4560.00,REF0790
txn-0175,2024-12-17,WALKER NANCY PAYMENT,287.00,REF0175
txn-0151,2024-12-24,ACH DOROTHY MAE SCOTT,789.25,REF0151
txn-0742,2024-12-12,PAYMENT,567.00,
txn-0114,2024-12-16,ONLINE PMT WILLIAM SCOTT JACKSON,299.00,REF0114
txn-0429,2024-12-13,THOMAS MICH,1875.50,REF0429
txn-0966,2024-12-24,LOYALTY BONUS,52.31,EXT0966
txn-0019,2024-12-19,WRIGHT DONALD CHECK,2345.00,REF0019
txn-0190,2024-12-25,PAYMENT JOSEPH MARK CLARK,1567.00,REF0190
txn-0415,2024-12-21,WILLIAMS MICH,875.50,REF0415
txn-0590,2024-12-18,MICHAEL W,875.50,REF0590
txn-0667,2024-12-15,D WRIGHT ONLINE,2345.00,REF0667
txn-0764,2024-12-16,WIRE TRANSFER,892.50,REF0764
txn-0222,2024-12-24,"WHITE, ELIZABETH CHECK",5600.00,REF0222
txn-0587,2024-12-17,C BROWN WIRE,567.25,REF0587
txn-0582,2024-12-23,ANDERSON ROBE,725.00,REF0582
txn-0300,2024-12-25,PAYMENT DAVID ALLEN MARTINEZ,189.99,REF0300
txn-0639,2024-12-18,PAT MARTIN PAYMENT,1100.00,REF0639
txn-0387,2024-12-14,PAYMENT PATRICIA SUE MARTIN,1100.00,REF0387
txn-0365,2024-12-19,JACKSON WILLIAM ONLINE,299.00,REF0365
txn-0880,2024-12-21,MISC PAYMENT,189.99,
txn-0335,2024-12-19,AMANDA LYNN WILSON CHECK DEP,3200.00,REF0335
txn-0017,2024-12-13,"CARTER, GEORGE DEP",9870.50,REF0017
txn-0203,2024-12-20,WALKER NANCY CHECK DEP,287.00,REF0203
txn-0002,2024-12-10,ACH STEVEN PAUL YOUNG,6750.00,REF0002
txn-0039,2024-12-20,WALKER NANCY PAYMENT,287.00,REF0039
txn-0291,2024-12-25,NELSON ASHLEY DEP,567.00,REF0291
txn-0494,2024-12-15,ROBERTS R CHECK,892.50,REF0494
txn-0248,2024-12-25,JACKSON WILLIAM ACH,299.00,REF0248
txn-0507,2024-12-21,BRIAN T,4560.00,REF0507
txn-0897,2024-12-18,CHECK DEPOSIT,8900.00,REF0897
txn-0714,2024-12-20,WIRE TRANSFER,2567.75,
txn-0892,2024-12-13,CHECK PAYMENT,789.25,
txn-0077,2024-12-14,PATRICIA SUE MARTIN WIRE,1100.00,REF0077
txn-0912,2024-12-10,DIVIDEND PAYMENT,943.68,EXT0912
txn-0793,2024-12-18,CHECK DEPOSIT,432.75,
txn-0509,2024-12-21,B KING ONLINE,198.50,REF0509
txn-0178,2024-12-12,"MOORE, LINDA ONLINE PMT",675.00,REF0178
txn-0843,2024-12-20,CHECK DEPOSIT,234.25,
txn-0201,2024-12-24,BROWN CHRISTOPHER ACH,567.25,REF0201
txn-0766,2024-12-11,UNKNOWN DEPOSIT,875.50,
txn-0910,2024-12-21,EXTERNAL TRANSFER IN,2223.79,EXT0910
txn-0294,2024-12-23,"LEE, BARBARA ONLINE",345.50,REF0294
txn-0539,2024-12-19,JENNIFER GARCIA,4500.00,REF0539
txn-0025,2024-12-11,CHECK RUTH ELLEN ROBERTS,892.50,REF0025
txn-0695,2024-12-24,GARCIA JENN,4500.00,REF0695
txn-0211,2024-12-19,"GARCIA, JENNIFER CHECK DEP",4500.00,REF0211
txn-0425,2024-12-14,ONLINE PMT J HARRIS,432.75,REF0425
txn-0529,2024-12-11,HALL C ONLINE PMT,1890.75,REF0529
txn-0035,2024-12-22,"PHILLIPS, KEVIN CHECK",345.00,REF0035
txn-0929,2024-12-18,SETTLEMENT PAYMENT,6495.42,EXT0929
txn-0399,2024-12-20,MICHAEL ROBERT WILLIAMS ACH,875.50,REF0399
txn-0608,2024-12-21,ACH D WRIGHT,2345.00,REF0608
txn-0299,2024-12-18,"ROBINSON, THOMAS ONLINE PMT",4125.00,REF0299
txn-0849,2024-12-24,DEPOSIT,3200.00,REF0849
txn-0669,2024-12-17,CHECK P MARTIN,1100.00,REF0669
txn-0283,2024-12-15,"KING, BETTY PAYMENT",198.50,REF0283
txn-0940,2024-12-19,ROYALTY PAYMENT,1723.26,EXT0940
txn-0945,2024-12-18,TAX REFUND DEPOSIT,1880.21,EXT0945
txn-0607,2024-12-24,BARBARA LEE,345.50,REF0607
txn-0960,2024-12-24,DIVIDEND PAYMENT,780.11,EXT0960
txn-0935,2024-12-15,DIVIDEND PAYMENT,320.70,EXT0935
txn-0732,2024-12-20,CHECK PAYMENT,567.25,REF0732
txn-0288,2024-12-13,WALKER NANCY PAYMENT,287.00,REF0288
txn-0528,2024-12-22,MIC WILLIAMS WIRE,875.50,REF0528
txn-0808,2024-12-14,CASH DEPOSIT,875.50,REF0808
txn-0230,2024-12-14,ONLINE NANCY LOU WALKER,287.00,REF0230
txn-0437,2024-12-23,TURNER B DEP,4560.00,REF0437
txn-0029,2024-12-23,ONLINE PMT JAMES PATRICK HARRIS,432.75,REF0029
txn-0375,2024-12-18,DEPOSIT EMILY ROSE DAVIS,2340.00,REF0375
txn-0820,2024-12-22,CHECK PAYMENT,1200.00,REF0820
txn-0317,2024-12-25,CARTER GEORGE ACH PMT,9870.50,REF0317
txn-0561,2024-12-17,J SMITH PAYMENT,450.00,REF0561
txn-0242,2024-12-20,CHECK JOSEPH MARK CLARK,1567.00,REF0242
txn-0150,2024-12-17,"WHITE, ELIZABETH ONLINE",5600.00,REF0150
txn-0517,2024-12-22,BRIAN T,4560.00,REF0517
txn-0418,2024-12-25,CHECK D WRIGHT,2345.00,REF0418
txn-0661,2024-12-19,D THOMPSON DEPOSIT,2890.00,REF0661
txn-0199,2024-12-19,KING BETTY ACH PMT,198.50,REF0199
txn-0586,2024-12-19,ASH NELSON PAYMENT,567.00,REF0586
txn-0326,2024-12-10,"JACKSON, WILLIAM CHECK DEP",299.00,REF0326
txn-0824,2024-12-24,ONLINE DEPOSIT,189.99,REF0824
txn-0703,2024-12-15,WIRE TRANSFER,1567.00,REF0703
txn-0950,2024-12-12,DIVIDEND PAYMENT,390.48,EXT0950
txn-0516,2024-12-14,ACH D SCOTT,789.25,REF0516
txn-0865,2024-12-18,CHECK RECEIVED,1567.00,REF0865
txn-0837,2024-12-23,WIRE TRANSFER,8900.00,
txn-0878,2024-12-20,UNKNOWN DEPOSIT,1890.75,REF0878
txn-0360,2024-12-15,ANDERSON ROBERT ACH PMT,725.00,REF0360
txn-0595,2024-12-15,AMANDA W,3200.00,REF0595
txn-0789,2024-12-19,CHECK DEPOSIT,892.50,REF0789
txn-0189,2024-12-22,KING BETTY DEPOSIT,198.50,REF0189
txn-0067,2024-12-22,BETTY JO KING ACH,198.50,REF0067
txn-0356,2024-12-22,ROBINSON THOMAS ONLINE PMT,4125.00,REF0356
txn-0800,2024-12-16,PAYMENT,1200.00,
txn-0903,2024-12-17,INSURANCE REFUND,1974.34,EXT0903
txn-0921,2024-12-12,LOYALTY BONUS,10.19,EXT0921
txn-0943,2024-12-11,BANK ADJUSTMENT,81.06,EXT0943
txn-0331,2024-12-20,GEORGE WILLIAM CARTER ONLINE,9870.50,REF0331
txn-0728,2024-12-11,CASH DEPOSIT,4125.00,REF0728
txn-0397,2024-12-24,EDWARD JAMES PEREZ PAYMENT,1678.00,REF0397
txn-0464,2024-12-21,KAREN A,534.00,REF0464
txn-0394,2024-12-18,"MARTIN, PATRICIA WIRE",1100.00,REF0394
txn-0312,2024-12-16,CHECK KAREN SUE ALLEN,534.00,REF0312
txn-0681,2024-12-11,STE YOUNG WIRE,6750.00,REF0681
txn-0745,2024-12-24,WIRE RECEIVED,725.00,REF0745
txn-0922,2024-12-18,REFUND FROM VENDOR,390.70,EXT0922
txn-0462,2024-12-21,BRI TURNER ACH PMT,4560.00,REF0462
txn-0523,2024-12-14,R ROBERTS ACH,892.50,REF0523
txn-0632,2024-12-22,RICHARD T,8900.00,REF0632
txn-0491,2024-12-22,RUT ROBERTS PAYMENT,892.50,REF0491
txn-0196,2024-12-20,JOHN DAVID SMITH PAYMENT,450.00,REF0196
txn-0257,2024-12-25,ELIZABETH JANE WHITE ACH,5600.00,REF0257
txn-0694,2024-12-23,WILLIAMS M CHECK DEP,875.50,REF0694
txn-0741,2024-12-20,ACH TRANSFER,1200.00,REF0741
txn-0578,2024-12-10,CHECK DEP S YOUNG,6750.00,REF0578
txn-0158,2024-12-18,JOSEPH MARK CLARK ONLINE,1567.00,REF0158
txn-0613,2024-12-13,STEVEN YOUNG,6750.00,REF0613
txn-0393,2024-12-15,STEVEN PAUL YOUNG ONLINE,6750.00,REF0393
txn-0970,2024-12-17,REFUND FROM VENDOR,492.10,EXT0970
txn-0689,2024-12-13,GEORGE C,9870.50,REF0689
txn-0362,2024-12-17,SANDRA LEE ADAMS ACH PMT,456.75,REF0362
txn-0817,2024-12-20,CHECK DEPOSIT,3200.00,REF0817
txn-0402,2024-12-24,WILSON A ONLINE PMT,3200.00,REF0402
txn-0093,2024-12-11,"JACKSON, WILLIAM ACH",299.00,REF0093
txn-0918,2024-12-20,EXTERNAL TRANSFER IN,1005.99,EXT0918
txn-0490,2024-12-17,PAYMENT R ROBERTS,892.50,REF0490
txn-0452,2024-12-22,CHECK A WILSON,3200.00,REF0452
txn-0252,2024-12-13,ACH PMT THOMAS WAYNE ROBINSON,4125.00,REF0252
txn-0654,2024-12-22,S JONES ONLINE,1200.00,REF0654
txn-0770,2024-12-22,ACH TRANSFER,2345.00,REF0770
txn-0671,2024-12-20,ACH PMT R ROBERTS,892.50,REF0671
txn-0130,2024-12-17,DOROTHY MAE SCOTT CHECK DEP,789.25,REF0130
txn-0638,2024-12-25,TURNER B CHECK DEP,4560.00,REF0638
txn-0992,2024-12-13,ROYALTY PAYMENT,1490.90,EXT0992
txn-0343,2024-12-11,CHECK DEP JAMES PATRICK HARRIS,432.75,REF0343
txn-0309,2024-12-10,BARBARA JEAN LEE ONLINE,345.50,REF0309
txn-0137,2024-12-24,RONALD GENE GREEN ONLINE,1234.00,REF0137
txn-0089,2024-12-24,DEP GEORGE WILLIAM CARTER,9870.50,REF0089
txn-0328,2024-12-24,NELSON ASHLEY DEPOSIT,567.00,REF0328
txn-0476,2024-12-24,DONALD W,2345.00,REF0476
txn-0982,2024-12-14,INVESTMENT INCOME,860.94,EXT0982
txn-0851,2024-12-25,ONLINE DEPOSIT,725.00,
txn-0893,2024-12-13,ONLINE DEPOSIT,189.99,
txn-0376,2024-12-14,"JOHNSON, SARAH CHECK DEP",1200.00,REF0376
txn-0179,2024-12-17,PAYMENT SUSAN KAY LEWIS,923.25,REF0179
txn-0027,2024-12-14,KEVIN MICHAEL PHILLIPS CHECK,345.00,REF0027
txn-0350,2024-12-14,"WILLIAMS, MICHAEL DEP",875.50,REF0350
txn-0500,2024-12-24,BAKER KENN,3456.00,REF0500
txn-0475,2024-12-17,CHARLES HALL,1890.75,REF0475
txn-0618,2024-12-24,HARRIS J DEP,432.75,REF0618
txn-0698,2024-12-14,AMANDA WILSON,3200.00,REF0698
txn-0051,2024-12-10,WIRE WILLIAM SCOTT JACKSON,299.00,REF0051
txn-0212,2024-12-24,LEWIS SUSAN DEP,923.25,REF0212
txn-0382,2024-12-18,SARAH ELIZABETH JONES ONLINE PMT,1200.00,REF0382
txn-0884,2024-12-16,ACH DEPOSIT,875.50,
txn-0174,2024-12-23,ONLINE PMT ROBERT LEE ANDERSON,725.00,REF0174
txn-0148,2024-12-19,KAREN SUE ALLEN ACH,534.00,REF0148
txn-0420,2024-12-22,LIN MOORE CHECK,675.00,REF0420
txn-0962,2024-12-16,GRANT DEPOSIT,16706.22,EXT0962
txn-0149,2024-12-22,JAMES PATRICK HARRIS DEPOSIT,432.75,REF0149
txn-0976,2024-12-21,INSURANCE REFUND,561.61,EXT0976
txn-0080,2024-12-14,CHRISTOPHER JAMES BROWN ACH,567.25,REF0080
txn-0776,2024-12-21,ONLINE DEPOSIT,3200.00,REF0776
txn-0303,2024-12-20,"ADAMS, SANDRA ACH PMT",456.75,REF0303
txn-0996,2024-12-15,BANK ADJUSTMENT,36.37,EXT0996
txn-0526,2024-12-20,BARBARA LEE,345.50,REF0526
txn-0775,2024-12-25,CHECK DEPOSIT,198.50,
txn-0232,2024-12-15,CHRISTOPHER JAMES BROWN CHECK DEP,567.25,REF0232
txn-0626,2024-12-22,GARCIA J WIRE,4500.00,REF0626
txn-0801,2024-12-11,CASH DEPOSIT,1567.00,
txn-0562,2024-12-21,LINDA M,675.00,REF0562
txn-0510,2024-12-15,GREEN R ONLINE,1234.00,REF0510
txn-0841,2024-12-21,PAYMENT,892.50,REF0841
txn-0495,2024-12-24,BARBARA LEE,345.50,REF0495
txn-0120,2024-12-24,JONES SARAH DEP,1200.00,REF0120
txn-0478,2024-12-23,ACH R GREEN,1234.00,REF0478
txn-0145,2024-12-16,"TURNER, BRIAN DEPOSIT",4560.00,REF0145
txn-0030,2024-12-21,HARRIS JAMES ACH,432.75,REF0030
txn-0911,2024-12-14,BANK ADJUSTMENT,11.74,EXT0911
txn-0122,2024-12-17,THOMPSON DANIEL CHECK,2890.00,REF0122
txn-0606,2024-12-12,DON WRIGHT PAYMENT,2345.00,REF0606
txn-0062,2024-12-12,KING BETTY DEPOSIT,198.50,REF0062
txn-0872,2024-12-12,PAYMENT,456.75,REF0872
txn-0573,2024-12-10,RIC TAYLOR CHECK,8900.00,REF0573
txn-0006,2024-12-20,MARTINEZ DAVID WIRE,189.99,REF0006
txn-0927,2024-12-16,DIVIDEND PAYMENT,849.56,EXT0927
txn-0640,2024-12-10,KEVIN PHILLIPS,345.00,REF0640
txn-0440,2024-12-12,M WILLIAMS CHECK DEP,875.50,REF0440
txn-0730,2024-12-25,CHECK DEPOSIT,2340.00,REF0730
txn-0194,2024-12-11,ELIZABETH JANE WHITE CHECK,5600.00,REF0194
txn-0753,2024-12-24,CASH DEPOSIT,675.00,REF0753
txn-0627,2024-12-15,S LEWIS ACH,923.25,REF0627
txn-0572,2024-12-17,E DAVIS DEPOSIT,2340.00,REF0572
txn-0018,2024-12-25,KENNETH RAY BAKER ACH,3456.00,REF0018
txn-0743,2024-12-11,PAYMENT RECEIVED,345.00,
txn-0915,2024-12-11,EXTERNAL TRANSFER IN,8258.47,EXT0915
txn-0511,2024-12-15,JOHN SMITH,450.00,REF0511
txn-0574,2024-12-12,EDW PEREZ PAYMENT,1678.00,REF0574
txn-0139,2024-12-18,"LEE, BARBARA DEPOSIT",345.50,REF0139
txn-0192,2024-12-14,"THOMPSON, DANIEL ACH",2890.00,REF0192
txn-0005,2024-12-18,DEP MARIA TERESA CAMPBELL,2567.75,REF0005
txn-0444,2024-12-11,JOHN SMITH,450.00,REF0444
txn-0021,2024-12-14,SUSAN KAY LEWIS ONLINE PMT,923.25,REF0021
txn-0214,2024-12-11,"CARTER, GEORGE CHECK",9870.50,REF0214
txn-0065,2024-12-21,DEPOSIT DONALD RAY WRIGHT,2345.00,REF0065
txn-0412,2024-12-13,S JONES WIRE,1200.00,REF0412
txn-0302,2024-12-13,JACKSON WILLIAM ACH,299.00,REF0302
txn-0334,2024-12-16,RUTH ELLEN ROBERTS CHECK,892.50,REF0334
txn-0193,2024-12-18,ACH CHRISTOPHER JAMES BROWN,567.25,REF0193
txn-0665,2024-12-14,ALLEN KARE,534.00,REF0665
txn-0263,2024-12-11,DEP KEVIN MICHAEL PHILLIPS,345.00,REF0263
txn-0648,2024-12-17,MARTINEZ DAVI,189.99,REF0648
txn-0811,2024-12-14,ACH DEPOSIT,789.25,REF0811
txn-0233,2024-12-22,SARAH MARIE JOHNSON DEP,1200.00,REF0233
txn-0796,2024-12-19,WIRE RECEIVED,450.00,
txn-0682,2024-12-19,BRIAN TURNER,4560.00,REF0682
txn-0805,2024-12-12,CHECK RECEIVED,725.00,
txn-0483,2024-12-17,ACH J HARRIS,432.75,REF0483
txn-0361,2024-12-22,EMILY ROSE DAVIS ONLINE PMT,2340.00,REF0361
txn-0839,2024-12-10,ACH TRANSFER,456.75,REF0839
txn-0237,2024-12-10,JENNIFER ANN GARCIA DEPOSIT,4500.00,REF0237
txn-0628,2024-12-11,C BROWN CHECK,567.25,REF0628
txn-0958,2024-12-12,TAX REFUND DEPOSIT,1607.24,EXT0958
txn-0583,2024-12-21,DAVIS E CHECK DEP,2340.00,REF0583
txn-0273,2024-12-25,"KING, BETTY CHECK DEP",198.50,REF0273
txn-0202,2024-12-20,"BAKER, KENNETH ACH",3456.00,REF0202
txn-0014,2024-12-12,SCOTT DOROTHY ONLINE,789.25,REF0014
txn-0428,2024-12-20,ROBINSON T PAYMENT,4125.00,REF0428
txn-0240,2024-12-22,THOMAS MICHELLE CHECK,1875.50,REF0240
txn-0085,2024-12-14,WIRE GEORGE WILLIAM CARTER,9870.50,REF0085
txn-0533,2024-12-18,ADAMS SAND,456.75,REF0533
txn-0173,2024-12-13,"PHILLIPS, KEVIN ONLINE",345.00,REF0173
txn-0290,2024-12-15,DAVIS EMILY DEPOSIT,2340.00,REF0290
txn-0486,2024-12-14,JOH SMITH ONLINE PMT,450.00,REF0486
txn-0330,2024-12-25,DONALD RAY WRIGHT ONLINE PMT,2345.00,REF0330
txn-0684,2024-12-15,LEE BARB,345.50,REF0684
txn-0319,2024-12-18,ACH MARIA TERESA CAMPBELL,2567.75,REF0319
txn-0455,2024-12-25,WIRE C HALL,1890.75,REF0455
txn-0250,2024-12-23,SMITH JOHN CHECK DEP,450.00,REF0250
txn-0847,2024-12-16,WIRE RECEIVED,456.75,
txn-0280,2024-12-12,JOHN DAVID SMITH ACH PMT,450.00,REF0280
txn-0456,2024-12-10,DAVIS E CHECK DEP,2340.00,REF0456
txn-0902,2024-12-17,TAX REFUND DEPOSIT,1197.96,EXT0902
txn-0762,2024-12-14,CASH DEPOSIT,3200.00,REF0762
txn-0548,2024-12-18,ELIZABETH WHITE,5600.00,REF0548
txn-0181,2024-12-22,WIRE AMANDA LYNN WILSON,3200.00,REF0181
txn-0558,2024-12-14,BETTY K,198.50,REF0558
txn-0629,2024-12-14,RON GREEN WIRE,1234.00,REF0629
txn-0424,2024-12-10,JENNIFER GARCIA,4500.00,REF0424
txn-0844,2024-12-25,ACH DEPOSIT,1678.00,
txn-0011,2024-12-21,"MITCHELL, MARGARET WIRE",234.25,REF0011
txn-0200,2024-12-24,CHECK BRIAN LEE TURNER,4560.00,REF0200
txn-0426,2024-12-11,RUTH R,892.50,REF0426
txn-0535,2024-12-16,DAVID M,189.99,REF0535
txn-0032,2024-12-12,SANDRA LEE ADAMS CHECK,456.75,REF0032
txn-0580,2024-12-17,J SMITH PAYMENT,450.00,REF0580
txn-0405,2024-12-16,KEN BAKER CHECK,3456.00,REF0405
txn-0278,2024-12-15,WIRE CHARLES EDWARD HALL,1890.75,REF0278
txn-0445,2024-12-11,S YOUNG ACH PMT,6750.00,REF0445
txn-0772,2024-12-10,ACH DEPOSIT,1200.00,REF0772
txn-0373,2024-12-19,DAVID ALLEN MARTINEZ ACH PMT,189.99,REF0373
txn-0723,2024-12-25,CASH DEPOSIT,1875.50,
txn-0401,2024-12-24,BETTY K,198.50,REF0401
txn-0079,2024-12-21,CHECK DEP PATRICIA SUE MARTIN,1100.00,REF0079
txn-0538,2024-12-15,EMI DAVIS DEP,2340.00,REF0538
txn-0576,2024-12-17,ALLEN KARE,534.00,REF0576
txn-0549,2024-12-22,ONLINE PMT A NELSON,567.00,REF0549
txn-0711,2024-12-21,WIRE TRANSFER,1890.75,REF0711
txn-0042,2024-12-13,DEP JENNIFER ANN GARCIA,4500.00,REF0042
txn-0886,2024-12-16,CASH DEPOSIT,1875.50,REF0886
txn-0633,2024-12-12,CARTER G ACH,9870.50,REF0633
txn-0859,2024-12-11,WIRE RECEIVED,1567.00,REF0859
txn-0140,2024-12-12,LEWIS SUSAN CHECK DEP,923.25,REF0140
txn-0386,2024-12-13,SANDRA LEE ADAMS ONLINE,456.75,REF0386
txn-0457,2024-12-14,JACKSON WILL,299.00,REF0457
txn-0933,2024-12-17,INVESTMENT INCOME,298.40,EXT0933
txn-0814,2024-12-13,CUSTOMER PAYMENT,789.25,REF0814
txn-0141,2024-12-25,"WHITE, ELIZABETH WIRE",5600.00,REF0141
txn-0625,2024-12-11,A WILSON CHECK,3200.00,REF0625
txn-0321,2024-12-19,STEVEN PAUL YOUNG PAYMENT,6750.00,REF0321
txn-0709,2024-12-22,PAYMENT,1875.50,REF0709
txn-0458,2024-12-20,MARIA CAMPBELL,2567.75,REF0458
txn-0874,2024-12-16,WIRE RECEIVED,234.25,REF0874
txn-0327,2024-12-13,CLARK JOSEPH DEPOSIT,1567.00,REF0327
txn-0127,2024-12-23,JOSEPH MARK CLARK PAYMENT,1567.00,REF0127
txn-0133,2024-12-21,"WRIGHT, DONALD DEP",2345.00,REF0133
txn-0818,2024-12-24,PAYMENT RECEIVED,2345.00,REF0818
txn-0398,2024-12-15,PATRICIA SUE MARTIN ONLINE,1100.00,REF0398
txn-0916,2024-12-18,DIVIDEND PAYMENT,594.59,EXT0916
txn-0994,2024-12-16,BANK ADJUSTMENT,84.67,EXT0994
txn-0416,2024-12-20,MICHELLE T,1875.50,REF0416
txn-0596,2024-12-17,WIRE R ROBERTS,892.50,REF0596
txn-0259,2024-12-17,ONLINE PMT RONALD GENE GREEN,1234.00,REF0259
txn-0314,2024-12-16,"THOMAS, MICHELLE DEPOSIT",1875.50,REF0314
txn-0410,2024-12-16,PAYMENT K ALLEN,534.00,REF0410
txn-0163,2024-12-20,"PHILLIPS, KEVIN ONLINE PMT",345.00,REF0163
txn-0305,2024-12-17,DANIEL RAY THOMPSON CHECK,2890.00,REF0305
txn-0287,2024-12-13,SUSAN KAY LEWIS ONLINE PMT,923.25,REF0287
txn-0645,2024-12-12,CHECK DEP D MARTINEZ,189.99,REF0645
txn-0636,2024-12-15,LEE B ONLINE PMT,345.50,REF0636
txn-0354,2024-12-11,"ROBERTS, RUTH ONLINE PMT",892.50,REF0354
txn-0069,2024-12-16,WILSON AMANDA ACH PMT,3200.00,REF0069
txn-0679,2024-12-15,THOMAS ROBINSON,4125.00,REF0679
txn-0834,2024-12-16,UNKNOWN DEPOSIT,345.50,
txn-0936,2024-12-17,VENDOR REBATE,538.11,EXT0936
txn-0680,2024-12-17,D SCOTT ONLINE,789.25,REF0680
txn-0720,2024-12-18,ONLINE DEPOSIT,4125.00,
txn-0238,2024-12-14,MARIA TERESA CAMPBELL ONLINE,2567.75,REF0238
txn-0266,2024-12-17,PAYMENT DOROTHY MAE SCOTT,789.25,REF0266
txn-0091,2024-12-14,ACH BRIAN LEE TURNER,4560.00,REF0091
txn-0836,2024-12-24,ACH DEPOSIT,4125.00,
txn-0863,2024-12-13,CHECK RECEIVED,432.75,
txn-0055,2024-12-12,GEORGE WILLIAM CARTER ACH PMT,9870.50,REF0055
txn-0658,2024-12-25,MICHAEL W,875.50,REF0658
txn-0944,2024-12-15,BANK ADJUSTMENT,143.32,EXT0944
txn-0407,2024-12-22,MARTINEZ DAVI,189.99,REF0407
txn-0381,2024-12-11,JAMES PATRICK HARRIS ONLINE PMT,432.75,REF0381
txn-0125,2024-12-25,JOHN DAVID SMITH PAYMENT,450.00,REF0125
txn-0492,2024-12-14,CHECK DEP P MARTIN,1100.00,REF0492
txn-0803,2024-12-14,WIRE TRANSFER,875.50,REF0803
txn-0901,2024-12-19,TAX REFUND DEPOSIT,554.38,EXT0901
txn-0431,2024-12-11,WILLIAMS MICH,875.50,REF0431
txn-0946,2024-12-20,REFUND FROM VENDOR,174.44,EXT0946
txn-0704,2024-12-25,DEPOSIT,875.50,REF0704
txn-0295,2024-12-23,SMITH JOHN ACH PMT,450.00,REF0295
txn-0879,2024-12-19,WIRE RECEIVED,1100.00,REF0879
txn-0213,2024-12-15,PATRICIA SUE MARTIN CHECK,1100.00,REF0213
txn-0919,2024-12-10,EXTERNAL TRANSFER IN,5592.31,EXT0919
txn-0038,2024-12-24,CLARK JOSEPH ONLINE,1567.00,REF0038
txn-0861,2024-12-24,MISC PAYMENT,675.00,REF0861
txn-0899,2024-12-19,CHECK DEPOSIT,1200.00,REF0899
txn-0126,2024-12-13,DEPOSIT BARBARA JEAN LEE,345.50,REF0126
txn-0024,2024-12-20,PAYMENT EMILY ROSE DAVIS,2340.00,REF0024
txn-0840,2024-12-12,WIRE RECEIVED,1890.75,
txn-0977,2024-12-22,PROMOTIONAL CREDIT,95.39,EXT0977
txn-0102,2024-12-11,BARBARA JEAN LEE WIRE,345.50,REF0102
txn-0116,2024-12-10,ONLINE PMT THOMAS WAYNE ROBINSON,4125.00,REF0116
txn-0436,2024-12-19,ONLINE K BAKER,3456.00,REF0436
txn-0951,2024-12-24,GRANT DEPOSIT,15613.00,EXT0951
txn-0121,2024-12-18,ROBINSON THOMAS DEP,4125.00,REF0121
txn-0385,2024-12-21,"ROBERTS, RUTH ONLINE",892.50,REF0385
txn-0048,2024-12-15,PAYMENT SARAH MARIE JOHNSON,1200.00,REF0048
txn-0172,2024-12-22,"JOHNSON, SARAH PAYMENT",1200.00,REF0172
txn-0318,2024-12-20,"WALKER, NANCY ACH PMT",287.00,REF0318
txn-0325,2024-12-11,JACKSON WILLIAM PAYMENT,299.00,REF0325
txn-0881,2024-12-24,ONLINE DEPOSIT,2340.00,REF0881
txn-0264,2024-12-16,ONLINE PMT RONALD GENE GREEN,1234.00,REF0264
txn-0146,2024-12-25,DEPOSIT GEORGE WILLIAM CARTER,9870.50,REF0146
txn-0044,2024-12-14,CHECK JENNIFER ANN GARCIA,4500.00,REF0044
txn-0505,2024-12-10,MAR MITCHELL CHECK,234.25,REF0505
txn-0087,2024-12-24,PAYMENT BARBARA JEAN LEE,345.50,REF0087
txn-0377,2024-12-12,CAMPBELL MARIA ACH PMT,2567.75,REF0377
txn-0531,2024-12-21,BAKER K ONLINE,3456.00,REF0531
txn-0985,2024-12-25,INSURANCE REFUND,3263.32,EXT0985
txn-0852,2024-12-10,CHECK PAYMENT,2345.00,REF0852
txn-0346,2024-12-16,THOMPSON DANIEL ACH PMT,2890.00,REF0346
txn-0404,2024-12-24,PEREZ E DEP,1678.00,REF0404
txn-0227,2024-12-21,"ANDERSON, ROBERT ONLINE",725.00,REF0227
txn-0988,2024-12-10,VENDOR REBATE,1447.97,EXT0988
txn-0165,2024-12-19,"CARTER, GEORGE WIRE",9870.50,REF0165
txn-0336,2024-12-13,DEP EMILY ROSE DAVIS,2340.00,REF0336
txn-0601,2024-12-20,JONES S ONLINE PMT,1200.00,REF0601
txn-0917,2024-12-19,LOAN DISBURSEMENT,15925.74,EXT0917
txn-0473,2024-12-10,ACH PMT E PEREZ,1678.00,REF0473
txn-0448,2024-12-22,J CLARK WIRE,1567.00,REF0448
txn-0108,2024-12-16,DAVID ALLEN MARTINEZ DEPOSIT,189.99,REF0108
txn-0857,2024-12-21,CHECK RECEIVED,5600.00,REF0857
txn-0156,2024-12-20,ONLINE KEVIN MICHAEL PHILLIPS,345.00,REF0156
txn-0459,2024-12-21,DANIEL T,2890.00,REF0459
txn-0281,2024-12-12,NELSON ASHLEY ONLINE PMT,567.00,REF0281
txn-0208,2024-12-22,CHECK ELIZABETH JANE WHITE,5600.00,REF0208
txn-0155,2024-12-19,"WHITE, ELIZABETH CHECK DEP",5600.00,REF0155
txn-0588,2024-12-11,K ALLEN ONLINE PMT,534.00,REF0588
txn-0758,2024-12-13,DEPOSIT,287.00,REF0758
txn-0986,2024-12-11,TAX REFUND DEPOSIT,584.28,EXT0986
txn-0384,2024-12-16,"GARCIA, JENNIFER ONLINE",4500.00,REF0384
txn-0802,2024-12-23,PAYMENT,1234.00,REF0802
txn-0649,2024-12-21,KAREN ALLEN,534.00,REF0649
txn-0807,2024-12-16,PAYMENT RECEIVED,5600.00,REF0807
txn-0537,2024-12-16,CHECK DEP A NELSON,567.00,REF0537
txn-0504,2024-12-22,JENNIFER G,4500.00,REF0504
txn-0738,2024-12-23,ACH TRANSFER,4560.00,REF0738
txn-0560,2024-12-22,BROWN CHRI,567.25,REF0560
txn-0545,2024-12-17,ROBERTS RUTH,892.50,REF0545
txn-0357,2024-12-16,"JOHNSON, SARAH ONLINE",1200.00,REF0357
txn-0207,2024-12-11,CHECK DEP GEORGE WILLIAM CARTER,9870.50,REF0207
txn-0889,2024-12-22,MISC PAYMENT,456.75,REF0889
txn-0612,2024-12-15,ELI WHITE DEP,5600.00,REF0612
txn-0712,2024-12-10,ONLINE DEPOSIT,299.00,
txn-0532,2024-12-25,PAYMENT D MARTINEZ,189.99,REF0532
txn-0260,2024-12-25,DEP DONALD RAY WRIGHT,2345.00,REF0260
txn-0154,2024-12-17,ROBERT LEE ANDERSON CHECK DEP,725.00,REF0154
txn-0853,2024-12-17,MISC PAYMENT,1567.00,REF0853
txn-0064,2024-12-10,MICHELLE KATE THOMAS PAYMENT,1875.50,REF0064
txn-0435,2024-12-14,RON GREEN PAYMENT,1234.00,REF0435
txn-0340,2024-12-25,DAVIS EMILY DEPOSIT,2340.00,REF0340
txn-0514,2024-12-15,ASHLEY NELSON,567.00,REF0514
txn-0749,2024-12-18,ACH TRANSFER,2567.75,
txn-0488,2024-12-21,E WHITE CHECK,5600.00,REF0488
txn-0525,2024-12-18,JENNIFER G,4500.00,REF0525
txn-0894,2024-12-25,UNKNOWN DEPOSIT,9870.50,REF0894
txn-0953,2024-12-24,LOAN DISBURSEMENT,24198.15,EXT0953
txn-0187,2024-12-20,DEP JENNIFER ANN GARCIA,4500.00,REF0187
txn-0674,2024-12-15,CHRISTOPHER B,567.25,REF0674
txn-0344,2024-12-19,"WILLIAMS, MICHAEL ACH",875.50,REF0344
txn-0378,2024-12-25,THOMAS MICHELLE ONLINE PMT,1875.50,REF0378
txn-0904,2024-12-24,VENDOR REBATE,643.98,EXT0904
txn-0369,2024-12-21,CHECK DEP KAREN SUE ALLEN,534.00,REF0369
txn-0569,2024-12-16,MARIA C,2567.75,REF0569
txn-0276,2024-12-13,WILLIAM SCOTT JACKSON ONLINE PMT,299.00,REF0276
txn-0691,2024-12-11,BROWN CHRI,567.25,REF0691
txn-0267,2024-12-21,"CARTER, GEORGE ACH PMT",9870.50,REF0267
txn-0783,2024-12-24,CHECK RECEIVED,4500.00,REF0783
txn-0938,2024-12-11,PROMOTIONAL CREDIT,242.32,EXT0938
txn-0534,2024-12-20,ROBERT ANDERSON,725.00,REF0534
txn-0023,2024-12-22,SARAH MARIE JOHNSON CHECK DEP,1200.00,REF0023
txn-0543,2024-12-10,MICHELLE T,1875.50,REF0543
txn-0098,2024-12-11,"DAVIS, EMILY ONLINE PMT",2340.00,REF0098
txn-0296,2024-12-20,"MOORE, LINDA WIRE",675.00,REF0296
txn-0461,2024-12-25,CHARLES HALL,1890.75,REF0461
txn-0198,2024-12-12,ONLINE PMT STEVEN PAUL YOUNG,6750.00,REF0198
txn-0708,2024-12-21,CHECK DEPOSIT,432.75,REF0708
txn-0262,2024-12-13,"BAKER, KENNETH ONLINE PMT",3456.00,REF0262
txn-0311,2024-12-11,"MITCHELL, MARGARET DEPOSIT",234.25,REF0311
txn-0980,2024-12-15,GRANT DEPOSIT,17822.96,EXT0980
txn-0161,2024-12-17,RUTH ELLEN ROBERTS WIRE,892.50,REF0161
txn-0403,2024-12-17,WILSON AMAN,3200.00,REF0403
txn-0540,2024-12-10,ACH PMT J SMITH,450.00,REF0540
txn-0177,2024-12-12,DEP LINDA CAROL MOORE,675.00,REF0177
txn-0727,2024-12-21,ACH TRANSFER,1567.00,REF0727
txn-0794,2024-12-23,PAYMENT,1100.00,REF0794
txn-0819,2024-12-21,PAYMENT,3456.00,REF0819
txn-0779,2024-12-24,UNKNOWN DEPOSIT,2345.00,REF0779
txn-0757,2024-12-18,DEPOSIT,2340.00,REF0757
txn-0298,2024-12-12,CARTER GEORGE ONLINE PMT,9870.50,REF0298
txn-0092,2024-12-15,MARTIN PATRICIA ONLINE PMT,1100.00,REF0092
txn-0930,2024-12-11,LOYALTY BONUS,44.37,EXT0930
txn-0450,2024-12-17,GREEN R ONLINE PMT,1234.00,REF0450
txn-0646,2024-12-18,DEPOSIT R GREEN,1234.00,REF0646
txn-0015,2024-12-12,ALLEN KAREN WIRE,534.00,REF0015
txn-0481,2024-12-10,JEN GARCIA ONLINE,4500.00,REF0481
txn-0997,2024-12-25,INSURANCE REFUND,3688.02,EXT0997
txn-0869,2024-12-11,PAYMENT RECEIVED,5600.00,REF0869
txn-0432,2024-12-22,JOHN SMITH,450.00,REF0432
txn-0696,2024-12-24,ACH PMT K PHILLIPS,345.00,REF0696
txn-0503,2024-12-18,KING B CHECK DEP,198.50,REF0503
txn-0261,2024-12-14,MITCHELL MARGARET WIRE,234.25,REF0261
txn-0329,2024-12-25,PAYMENT PATRICIA SUE MARTIN,1100.00,REF0329
txn-0180,2024-12-17,JOHNSON SARAH CHECK DEP,1200.00,REF0180
txn-0565,2024-12-14,DOR SCOTT ONLINE,789.25,REF0565
txn-0396,2024-12-20,"BROWN, CHRISTOPHER PAYMENT",567.25,REF0396
txn-0496,2024-12-20,MOORE LIND,675.00,REF0496
txn-0036,2024-12-12,DEP MICHAEL ROBERT WILLIAMS,875.50,REF0036
txn-0443,2024-12-24,M THOMAS ONLINE,1875.50,REF0443
txn-0928,2024-12-17,SETTLEMENT PAYMENT,7321.88,EXT0928
txn-0660,2024-12-19,WHITE ELIZ,5600.00,REF0660
txn-0637,2024-12-24,A NELSON DEPOSIT,567.00,REF0637
txn-0099,2024-12-18,"WILLIAMS, MICHAEL PAYMENT",875.50,REF0099
txn-0338,2024-12-14,"TURNER, BRIAN PAYMENT",4560.00,REF0338
txn-0013,2024-12-14,PATRICIA SUE MARTIN DEPOSIT,1100.00,REF0013
txn-0685,2024-12-24,CHECK DEP S JOHNSON,1200.00,REF0685
txn-0117,2024-12-18,"JONES, SARAH DEPOSIT",1200.00,REF0117
txn-0447,2024-12-25,DAVID M,189.99,REF0447
txn-0408,2024-12-24,GEORGE C,9870.50,REF0408
txn-0816,2024-12-11,ONLINE DEPOSIT,2567.75,
txn-0313,2024-12-11,LEWIS SUSAN CHECK,923.25,REF0313
txn-0359,2024-12-16,TURNER BRIAN ACH PMT,4560.00,REF0359
txn-0472,2024-12-20,E PEREZ CHECK,1678.00,REF0472
txn-0205,2024-12-23,"NELSON, ASHLEY ONLINE PMT",567.00,REF0205
txn-0228,2024-12-10,PATRICIA SUE MARTIN ACH,1100.00,REF0228
txn-0482,2024-12-14,CAMPBELL M DEP,2567.75,REF0482
txn-0040,2024-12-25,"JACKSON, WILLIAM DEPOSIT",299.00,REF0040
txn-0392,2024-12-11,PAYMENT RICHARD DEAN TAYLOR,8900.00,REF0392
txn-0111,2024-12-20,THOMAS MICHELLE CHECK DEP,1875.50,REF0111
txn-0833,2024-12-19,UNKNOWN DEPOSIT,6750.00,
txn-0813,2024-12-13,ACH TRANSFER,892.50,
txn-0963,2024-12-13,EXTERNAL TRANSFER IN,7462.53,EXT0963
txn-0422,2024-12-25,MAR MITCHELL DEPOSIT,234.25,REF0422
txn-0341,2024-12-16,"WRIGHT, DONALD ONLINE",2345.00,REF0341
txn-0184,2024-12-25,JAMES PATRICK HARRIS WIRE,432.75,REF0184
txn-0998,2024-12-15,EXTERNAL TRANSFER IN,1587.86,EXT0998
txn-0423,2024-12-19,WALKER NANC,287.00,REF0423
txn-0182,2024-12-23,NELSON ASHLEY CHECK,567.00,REF0182
txn-0905,2024-12-20,DIVIDEND PAYMENT,190.69,EXT0905
txn-0862,2024-12-17,CHECK RECEIVED,1100.00,
txn-0650,2024-12-12,N WALKER ACH,287.00,REF0650
txn-0746,2024-12-18,CASH DEPOSIT,432.75,REF0746
txn-0701,2024-12-22,CASH DEPOSIT,456.75,
txn-0106,2024-12-17,SUSAN KAY LEWIS PAYMENT,923.25,REF0106
txn-0920,2024-12-17,VENDOR REBATE,1298.07,EXT0920
txn-0652,2024-12-10,MIC THOMAS DEP,1875.50,REF0652
txn-0367,2024-12-23,"ALLEN, KAREN ONLINE",534.00,REF0367
txn-0620,2024-12-18,ASHLEY N,567.00,REF0620
txn-0906,2024-12-17,SETTLEMENT PAYMENT,5709.05,EXT0906
txn-0316,2024-12-11,WIRE RICHARD DEAN TAYLOR,8900.00,REF0316
txn-0043,2024-12-22,GEORGE WILLIAM CARTER ONLINE,9870.50,REF0043
txn-0131,2024-12-24,DAVID ALLEN MARTINEZ CHECK DEP,189.99,REF0131
txn-0441,2024-12-22,PHILLIPS KEVI,345.00,REF0441
txn-0152,2024-12-23,CHECK DEP THOMAS WAYNE ROBINSON,4125.00,REF0152
txn-0589,2024-12-20,ONLINE R ANDERSON,725.00,REF0589
txn-0037,2024-12-16,ADAMS SANDRA ACH PMT,456.75,REF0037
txn-0153,2024-12-13,KEVIN MICHAEL PHILLIPS ACH,345.00,REF0153
txn-0677,2024-12-15,ROBERT ANDERSON,725.00,REF0677
txn-0961,2024-12-11,GRANT DEPOSIT,7315.77,EXT0961
txn-0602,2024-12-13,ONLINE PMT R GREEN,1234.00,REF0602
txn-0438,2024-12-14,PAYMENT K PHILLIPS,345.00,REF0438
txn-0453,2024-12-15,DANIEL T,2890.00,REF0453
txn-0786,2024-12-11,PAYMENT RECEIVED,2340.00,
txn-0269,2024-12-21,BAKER KENNETH ONLINE,3456.00,REF0269
txn-0134,2024-12-20,MARTIN PATRICIA ACH,1100.00,REF0134
txn-0342,2024-12-19,"GREEN, RONALD ONLINE PMT",1234.00,REF0342
txn-0804,2024-12-22,PAYMENT RECEIVED,1200.00,REF0804
txn-0046,2024-12-18,ONLINE SANDRA LEE ADAMS,456.75,REF0046
txn-0284,2024-12-21,JOHNSON SARAH ACH PMT,1200.00,REF0284
txn-0653,2024-12-24,WRIGHT DONA,2345.00,REF0653
txn-0949,2024-12-11,INSURANCE REFUND,2930.61,EXT0949
txn-0053,2024-12-21,DEP WILLIAM SCOTT JACKSON,299.00,REF0053
txn-0822,2024-12-21,CHECK RECEIVED,198.50,REF0822
txn-0780,2024-12-18,ACH TRANSFER,675.00,REF0780
txn-0978,2024-12-24,REFUND FROM VENDOR,61.66,EXT0978
txn-0600,2024-12-10,DAVIS E ACH PMT,2340.00,REF0600
txn-0209,2024-12-11,THOMAS MICHELLE DEPOSIT,1875.50,REF0209
txn-0352,2024-12-12,AMANDA LYNN WILSON ONLINE PMT,3200.00,REF0352
txn-0216,2024-12-21,DEP KEVIN MICHAEL PHILLIPS,345.00,REF0216
txn-0289,2024-12-10,JOHNSON SARAH ONLINE PMT,1200.00,REF0289
txn-0279,2024-12-23,JACKSON WILLIAM ACH,299.00,REF0279
txn-0954,2024-12-24,TAX REFUND DEPOSIT,2874.08,EXT0954
txn-0821,2024-12-19,CHECK RECEIVED,1100.00,REF0821
txn-0110,2024-12-13,"ROBERTS, RUTH DEPOSIT",892.50,REF0110
txn-0119,2024-12-17,SCOTT DOROTHY ACH,789.25,REF0119
txn-0942,2024-12-21,EXTERNAL TRANSFER IN,8193.56,EXT0942
txn-0138,2024-12-12,SCOTT DOROTHY ACH PMT,789.25,REF0138
txn-0107,2024-12-12,"MARTINEZ, DAVID CHECK DEP",189.99,REF0107
txn-0307,2024-12-11,DEP MARIA TERESA CAMPBELL,2567.75,REF0307
txn-0973,2024-12-18,REFUND FROM VENDOR,238.15,EXT0973
txn-0009,2024-12-13,ONLINE PMT BARBARA JEAN LEE,345.50,REF0009
txn-0823,2024-12-21,PAYMENT RECEIVED,875.50,REF0823
txn-0310,2024-12-18,"JACKSON, WILLIAM CHECK DEP",299.00,REF0310
txn-0557,2024-12-21,MICHELLE T,1875.50,REF0557
txn-0744,2024-12-15,CHECK RECEIVED,3200.00,
txn-0635,2024-12-11,DANIEL T,2890.00,REF0635
txn-0292,2024-12-25,AMANDA LYNN WILSON ONLINE,3200.00,REF0292
txn-0379,2024-12-14,ROBINSON THOMAS DEP,4125.00,REF0379
txn-0890,2024-12-19,PAYMENT RECEIVED,675.00,REF0890
txn-0630,2024-12-14,STEVEN Y,6750.00,REF0630
txn-0358,2024-12-20,GEORGE WILLIAM CARTER DEP,9870.50,REF0358
txn-0713,2024-12-21,CHECK DEPOSIT,675.00,REF0713
txn-0621,2024-12-22,DAVID M,189.99,REF0621
txn-0519,2024-12-16,K PHILLIPS ACH,345.00,REF0519
txn-0663,2024-12-19,CAMPBELL MARI,2567.75,REF0663
txn-0551,2024-12-16,P MARTIN ACH,1100.00,REF0551
txn-0076,2024-12-23,DEP DANIEL RAY THOMPSON,2890.00,REF0076
txn-0103,2024-12-22,DAVIS EMILY ACH PMT,2340.00,REF0103
txn-0577,2024-12-23,R ANDERSON ACH PMT,725.00,REF0577
txn-0858,2024-12-14,WIRE RECEIVED,2890.00,REF0858
txn-0010,2024-12-23,RUTH ELLEN ROBERTS CHECK,892.50,REF0010
txn-0075,2024-12-11,ADAMS SANDRA ACH,456.75,REF0075
txn-0952,2024-12-16,LOYALTY BONUS,26.60,EXT0952
txn-0469,2024-12-16,ANDERSON R WIRE,725.00,REF0469
txn-0308,2024-12-24,"SMITH, JOHN ACH PMT",450.00,REF0308
txn-0135,2024-12-13,EMILY ROSE DAVIS CHECK DEP,2340.00,REF0135
txn-0860,2024-12-10,WIRE RECEIVED,567.00,REF0860
txn-0885,2024-12-23,PAYMENT RECEIVED,2345.00,
txn-0245,2024-12-17,BARBARA JEAN LEE ACH PMT,345.50,REF0245
txn-0642,2024-12-19,JOHN SMITH,450.00,REF0642
txn-0210,2024-12-25,ONLINE SANDRA LEE ADAMS,456.75,REF0210
txn-0268,2024-12-25,DEP AMANDA LYNN WILSON,3200.00,REF0268
txn-0871,2024-12-23,ACH DEPOSIT,675.00,REF0871
txn-0536,2024-12-17,PAT MARTIN WIRE,1100.00,REF0536
txn-0579,2024-12-20,GARCIA JENN,4500.00,REF0579
txn-0846,2024-12-21,MISC PAYMENT,6750.00,
txn-0969,2024-12-24,LOAN DISBURSEMENT,10502.36,EXT0969
txn-0084,2024-12-23,KENNETH RAY BAKER WIRE,3456.00,REF0084
txn-0041,2024-12-24,ONLINE PMT MICHELLE KATE THOMAS,1875.50,REF0041
txn-0609,2024-12-20,SUS LEWIS DEP,923.25,REF0609
txn-0593,2024-12-25,BROWN C ACH,567.25,REF0593
txn-0854,2024-12-13,WIRE TRANSFER,234.25,
txn-0584,2024-12-22,EDWARD PEREZ,1678.00,REF0584
txn-0123,2024-12-19,KING BETTY PAYMENT,198.50,REF0123
txn-0414,2024-12-10,M CAMPBELL PAYMENT,2567.75,REF0414
txn-0241,2024-12-19,PEREZ EDWARD ONLINE PMT,1678.00,REF0241
txn-0724,2024-12-14,CUSTOMER PAYMENT,1200.00,REF0724
txn-0610,2024-12-24,DON WRIGHT ONLINE PMT,2345.00,REF0610
txn-0767,2024-12-19,WIRE RECEIVED,1678.00,REF0767
txn-0191,2024-12-20,CHECK DEP JOHN DAVID SMITH,450.00,REF0191
txn-0083,2024-12-16,CHECK DEP STEVEN PAUL YOUNG,6750.00,REF0083
txn-0521,2024-12-16,JAMES HARRIS,432.75,REF0521
txn-0877,2024-12-16,CUSTOMER PAYMENT,1875.50,REF0877
txn-0806,2024-12-14,CHECK RECEIVED,567.00,REF0806
txn-0784,2024-12-11,COUNTER DEPOSIT,5600.00,REF0784
txn-0515,2024-12-11,RUTH ROBERTS,892.50,REF0515
txn-0489,2024-12-23,CARTER GEOR,9870.50,REF0489
txn-0848,2024-12-12,DEPOSIT,3200.00,
txn-0673,2024-12-16,DON WRIGHT ACH,2345.00,REF0673
txn-0059,2024-12-21,"NELSON, ASHLEY DEP",567.00,REF0059
txn-0322,2024-12-21,SMITH JOHN ONLINE PMT,450.00,REF0322
txn-0692,2024-12-10,ROBINSON THOM,4125.00,REF0692
txn-0556,2024-12-16,HALL CHAR,1890.75,REF0556
txn-0594,2024-12-23,KAR ALLEN ONLINE PMT,534.00,REF0594
txn-0838,2024-12-14,PAYMENT RECEIVED,2340.00,
txn-0223,2024-12-18,EMILY ROSE DAVIS DEP,2340.00,REF0223
txn-0304,2024-12-12,ONLINE PMT JAMES PATRICK HARRIS,432.75,REF0304
txn-0717,2024-12-24,PAYMENT RECEIVED,892.50,REF0717
txn-0159,2024-12-12,PAYMENT JAMES PATRICK HARRIS,432.75,REF0159
txn-0499,2024-12-23,ADAMS SAND,456.75,REF0499
txn-0570,2024-12-11,WIRE J SMITH,450.00,REF0570
txn-0898,2024-12-14,UNKNOWN DEPOSIT,287.00,
txn-0293,2024-12-12,WIRE BRIAN LEE TURNER,4560.00,REF0293
txn-0466,2024-12-19,MITCHELL M ACH,234.25,REF0466
txn-0989,2024-12-25,INSURANCE REFUND,2454.55,EXT0989
txn-0400,2024-12-15,ACH PMT RICHARD DEAN TAYLOR,8900.00,REF0400
txn-0003,2024-12-10,CLARK JOSEPH ACH,1567.00,REF0003
txn-0887,2024-12-23,CUSTOMER PAYMENT,8900.00,
txn-0169,2024-12-19,GREEN RONALD CHECK DEP,1234.00,REF0169
txn-0726,2024-12-15,DEPOSIT,1234.00,REF0726
txn-0870,2024-12-20,ONLINE DEPOSIT,198.50,
txn-0219,2024-12-17,CARTER GEORGE ACH PMT,9870.50,REF0219
txn-0493,2024-12-10,E PEREZ ONLINE PMT,1678.00,REF0493
txn-0716,2024-12-19,CUSTOMER PAYMENT,432.75,REF0716
txn-0752,2024-12-25,ACH DEPOSIT,567.25,REF0752
txn-0171,2024-12-19,SUSAN KAY LEWIS DEP,923.25,REF0171
txn-0243,2024-12-18,"MOORE, LINDA CHECK",675.00,REF0243
txn-0981,2024-12-24,INSURANCE REFUND,678.70,EXT0981
txn-0016,2024-12-18,ONLINE RUTH ELLEN ROBERTS,892.50,REF0016
txn-0554,2024-12-10,B LEE DEPOSIT,345.50,REF0554
txn-0668,2024-12-19,KEVIN P,345.00,REF0668
txn-0052,2024-12-24,"TURNER, BRIAN DEPOSIT",4560.00,REF0052
txn-0990,2024-12-15,LOYALTY BONUS,26.06,EXT0990
txn-0564,2024-12-20,DONALD W,2345.00,REF0564
txn-0454,2024-12-20,WILSON AMAN,3200.00,REF0454
txn-0078,2024-12-25,"THOMPSON, DANIEL CHECK DEP",2890.00,REF0078
txn-0256,2024-12-14,"ADAMS, SANDRA ACH PMT",456.75,REF0256
txn-0913,2024-12-12,DIVIDEND PAYMENT,877.41,EXT0913
txn-0718,2024-12-20,WIRE RECEIVED,5600.00,REF0718
txn-0188,2024-12-24,ACH PMT JOSEPH MARK CLARK,1567.00,REF0188
txn-0830,2024-12-15,CHECK DEPOSIT,4500.00,
txn-0144,2024-12-18,"WILLIAMS, MICHAEL CHECK DEP",875.50,REF0144
txn-0967,2024-12-20,LOYALTY BONUS,53.82,EXT0967
txn-0815,2024-12-24,UNKNOWN DEPOSIT,432.75,REF0815
txn-0706,2024-12-11,UNKNOWN DEPOSIT,2345.00,REF0706
txn-0924,2024-12-16,ROYALTY PAYMENT,999.56,EXT0924
txn-0255,2024-12-25,"THOMAS, MICHELLE ONLINE",1875.50,REF0255
txn-0112,2024-12-19,JOHN DAVID SMITH DEP,450.00,REF0112
txn-0348,2024-12-13,SCOTT DOROTHY PAYMENT,789.25,REF0348
txn-0413,2024-12-14,EMILY D,2340.00,REF0413
txn-0063,2024-12-10,JOSEPH MARK CLARK DEPOSIT,1567.00,REF0063
txn-0101,2024-12-19,CHECK KEVIN MICHAEL PHILLIPS,345.00,REF0101
txn-0662,2024-12-13,BRIAN T,4560.00,REF0662
txn-0670,2024-12-20,SARAH J,1200.00,REF0670
txn-0690,2024-12-13,CARTER G ONLINE PMT,9870.50,REF0690
txn-0056,2024-12-17,"WRIGHT, DONALD ACH PMT",2345.00,REF0056
txn-0479,2024-12-15,MARGARET MITCHELL,234.25,REF0479
txn-0421,2024-12-11,MIC WILLIAMS WIRE,875.50,REF0421
txn-0756,2024-12-25,COUNTER DEPOSIT,1200.00,REF0756
txn-0363,2024-12-17,EMILY ROSE DAVIS ONLINE,2340.00,REF0363
txn-0442,2024-12-17,KENNETH B,3456.00,REF0442
txn-0675,2024-12-20,WHITE ELIZ,5600.00,REF0675
txn-0947,2024-12-22,LOYALTY BONUS,94.00,EXT0947
txn-0097,2024-12-17,CHECK CHARLES EDWARD HALL,1890.75,REF0097
txn-0195,2024-12-15,"PHILLIPS, KEVIN ONLINE PMT",345.00,REF0195
txn-0417,2024-12-20,CAMPBELL M DEPOSIT,2567.75,REF0417
txn-0710,2024-12-13,ACH DEPOSIT,1100.00,
txn-0249,2024-12-16,ONLINE KENNETH RAY BAKER,3456.00,REF0249
txn-0485,2024-12-20,WALKER NANC,287.00,REF0485
txn-0591,2024-12-10,SAR JOHNSON ACH,1200.00,REF0591
txn-0585,2024-12-17,SUSAN LEWIS,923.25,REF0585
txn-0136,2024-12-12,DONALD RAY WRIGHT DEPOSIT,2345.00,REF0136
txn-0754,2024-12-13,WIRE TRANSFER,345.00,REF0754
txn-0220,2024-12-24,ALLEN KAREN ACH,534.00,REF0220
txn-0768,2024-12-11,PAYMENT,2567.75,REF0768
txn-0686,2024-12-24,PATRICIA MARTIN,1100.00,REF0686
txn-0286,2024-12-24,JOHN DAVID SMITH DEP,450.00,REF0286
txn-0244,2024-12-12,WRIGHT DONALD ONLINE,2345.00,REF0244
txn-0527,2024-12-22,J HARRIS ACH PMT,432.75,REF0527
txn-0729,2024-12-12,CASH DEPOSIT,456.75,
txn-0339,2024-12-12,"JONES, SARAH WIRE",1200.00,REF0339
txn-0873,2024-12-20,COUNTER DEPOSIT,345.00,
txn-0070,2024-12-22,CARTER GEORGE ONLINE,9870.50,REF0070
txn-0875,2024-12-13,CHECK DEPOSIT,567.00,REF0875
txn-0061,2024-12-23,"LEE, BARBARA ONLINE PMT",345.50,REF0061
txn-0647,2024-12-19,ROBINSON T CHECK DEP,4125.00,REF0647
txn-0725,2024-12-23,UNKNOWN DEPOSIT,432.75,REF0725
txn-0073,2024-12-20,PAYMENT RICHARD DEAN TAYLOR,8900.00,REF0073
txn-0008,2024-12-17,MARTIN PATRICIA ONLINE,1100.00,REF0008
txn-0968,2024-12-18,INVESTMENT INCOME,940.63,EXT0968
txn-0735,2024-12-20,PAYMENT RECEIVED,725.00,REF0735
txn-0236,2024-12-22,GARCIA JENNIFER ACH PMT,4500.00,REF0236
txn-0568,2024-12-17,GEO CARTER ONLINE PMT,9870.50,REF0568
txn-0603,2024-12-25,PAYMENT E WHITE,5600.00,REF0603
txn-0022,2024-12-21,KENNETH RAY BAKER PAYMENT,3456.00,REF0022
txn-0347,2024-12-17,WIRE CHARLES EDWARD HALL,1890.75,REF0347
txn-0828,2024-12-18,WIRE RECEIVED,1200.00,REF0828
txn-0231,2024-12-14,BETTY JO KING DEPOSIT,198.50,REF0231
txn-0254,2024-12-19,DONALD RAY WRIGHT CHECK,2345.00,REF0254
txn-0124,2024-12-17,CLARK JOSEPH PAYMENT,1567.00,REF0124
txn-0463,2024-12-20,CARTER G CHECK,9870.50,REF0463
txn-0530,2024-12-19,SAN ADAMS ACH PMT,456.75,REF0530
txn-0449,2024-12-19,DAVID MARTINEZ,189.99,REF0449
txn-0832,2024-12-19,ACH TRANSFER,1234.00,
txn-0972,2024-12-21,INSURANCE REFUND,4142.36,EXT0972
txn-0688,2024-12-23,ROBINSON THOM,4125.00,REF0688
txn-0845,2024-12-10,ACH DEPOSIT,534.00,
txn-0320,2024-12-25,"JOHNSON, SARAH WIRE",1200.00,REF0320
txn-0731,2024-12-21,DEPOSIT,567.00,
txn-0206,2024-12-21,MARIA TERESA CAMPBELL ONLINE PMT,2567.75,REF0206
txn-0707,2024-12-25,CUSTOMER PAYMENT,567.00,REF0707
txn-0939,2024-12-22,INTEREST PAYMENT,179.25,EXT0939
txn-0785,2024-12-10,ACH DEPOSIT,675.00,REF0785
txn-0867,2024-12-15,CHECK RECEIVED,287.00,REF0867
txn-0434,2024-12-16,NANCY W,287.00,REF0434
txn-0622,2024-12-23,ROBERTS RUTH,892.50,REF0622
txn-0541,2024-12-11,JACKSON W ACH PMT,299.00,REF0541
txn-0856,2024-12-15,WIRE TRANSFER,4125.00,REF0856
txn-0170,2024-12-21,PAYMENT MARIA TERESA CAMPBELL,2567.75,REF0170
txn-0563,2024-12-25,JEN GARCIA PAYMENT,4500.00,REF0563
txn-0487,2024-12-20,RON GREEN WIRE,1234.00,REF0487
txn-0676,2024-12-18,E WHITE DEP,5600.00,REF0676
txn-0132,2024-12-12,"PHILLIPS, KEVIN ACH PMT",345.00,REF0132
txn-0129,2024-12-20,JACKSON WILLIAM DEP,299.00,REF0129
txn-0546,2024-12-19,ONLINE PMT D SCOTT,789.25,REF0546
txn-0071,2024-12-25,CLARK JOSEPH PAYMENT,1567.00,REF0071
txn-0498,2024-12-13,JACKSON W ACH PMT,299.00,REF0498
txn-0750,2024-12-16,MISC PAYMENT,4125.00,REF0750
txn-0088,2024-12-20,ONLINE PMT SUSAN KAY LEWIS,923.25,REF0088
txn-0934,2024-12-22,INTEREST PAYMENT,194.76,EXT0934
txn-0866,2024-12-23,CHECK DEPOSIT,675.00,REF0866
txn-0247,2024-12-20,ROBINSON THOMAS WIRE,4125.00,REF0247
txn-0060,2024-12-23,LEE BARBARA ONLINE,345.50,REF0060
txn-0246,2024-12-16,MOORE LINDA ONLINE PMT,675.00,REF0246
txn-0315,2024-12-11,ONLINE PMT CHARLES EDWARD HALL,1890.75,REF0315
txn-0372,2024-12-12,CHECK THOMAS WAYNE ROBINSON,4125.00,REF0372
txn-0809,2024-12-18,DEPOSIT,345.50,REF0809
txn-0020,2024-12-10,DEP STEVEN PAUL YOUNG,6750.00,REF0020
txn-0501,2024-12-23,ONLINE A NELSON,567.00,REF0501
txn-0332,2024-12-20,CAMPBELL MARIA CHECK,2567.75,REF0332
txn-0614,2024-12-18,PHILLIPS K ACH,345.00,REF0614
txn-0001,2024-12-15,"ROBERTS, RUTH ACH",892.50,REF0001
txn-0544,2024-12-18,E PEREZ CHECK,1678.00,REF0544
txn-0553,2024-12-17,ASH NELSON DEPOSIT,567.00,REF0553
txn-0166,2024-12-21,ONLINE PMT MARGARET ANN MITCHELL,234.25,REF0166
txn-0799,2024-12-22,CHECK RECEIVED,2567.75,
txn-0383,2024-12-18,ACH PMT CHRISTOPHER JAMES BROWN,567.25,REF0383
txn-0835,2024-12-11,COUNTER DEPOSIT,6750.00,
txn-0974,2024-12-15,VENDOR REBATE,1496.56,EXT0974
txn-0895,2024-12-14,CUSTOMER PAYMENT,1678.00,REF0895
txn-0797,2024-12-22,CHECK RECEIVED,3200.00,REF0797
txn-1000,2024-12-11,INVESTMENT INCOME,1278.42,EXT1000
txn-0306,2024-12-19,ACH PMT EMILY ROSE DAVIS,2340.00,REF0306
txn-0641,2024-12-25,DAVID M,189.99,REF0641
txn-0109,2024-12-11,"PEREZ, EDWARD ACH",1678.00,REF0109
txn-0520,2024-12-18,J CLARK ONLINE,1567.00,REF0520
txn-0183,2024-12-22,ACH DAVID ALLEN MARTINEZ,189.99,REF0183
txn-0781,2024-12-18,ACH TRANSFER,1100.00,
txn-0513,2024-12-12,SMITH JOHN,450.00,REF0513
txn-0931,2024-12-16,GRANT DEPOSIT,18582.79,EXT0931
txn-0737,2024-12-15,ACH DEPOSIT,534.00,
txn-0740,2024-12-12,COUNTER DEPOSIT,1200.00,
txn-0004,2024-12-18,CLARK JOSEPH WIRE,1567.00,REF0004
txn-0909,2024-12-25,GRANT DEPOSIT,6256.22,EXT0909
txn-0162,2024-12-15,BRIAN LEE TURNER DEPOSIT,4560.00,REF0162
txn-0446,2024-12-17,K BAKER WIRE,3456.00,REF0446
txn-0932,2024-12-21,BANK ADJUSTMENT,67.90,EXT0932
txn-0999,2024-12-15,ROYALTY PAYMENT,802.57,EXT0999
txn-0956,2024-12-25,PROMOTIONAL CREDIT,207.09,EXT0956
txn-0657,2024-12-21,DEPOSIT P MARTIN,1100.00,REF0657
txn-0788,2024-12-22,CASH DEPOSIT,875.50,
txn-0900,2024-12-22,ACH DEPOSIT,4125.00,
txn-0769,2024-12-22,MISC PAYMENT,1678.00,
txn-0937,2024-12-10,LOYALTY BONUS,53.14,EXT0937
txn-0699,2024-12-13,J SMITH DEP,450.00,REF0699
txn-0118,2024-12-10,"GREEN, RONALD CHECK",1234.00,REF0118
txn-0739,2024-12-16,ONLINE DEPOSIT,4560.00,REF0739
txn-0831,2024-12-12,COUNTER DEPOSIT,1875.50,REF0831
txn-0012,2024-12-19,NANCY LOU WALKER ACH PMT,287.00,REF0012
txn-0567,2024-12-15,LINDA MOORE,675.00,REF0567
txn-0258,2024-12-23,BETTY JO KING DEPOSIT,198.50,REF0258
txn-0542,2024-12-21,CHA HALL PAYMENT,1890.75,REF0542
txn-0480,2024-12-22,EDWARD PEREZ,1678.00,REF0480
txn-0964,2024-12-20,VENDOR REBATE,862.45,EXT0964
txn-0391,2024-12-13,GREEN RONALD ACH,1234.00,REF0391
txn-0395,2024-12-14,MARTINEZ DAVID ACH PMT,189.99,REF0395
txn-0066,2024-12-18,JENNIFER ANN GARCIA DEPOSIT,4500.00,REF0066
txn-0611,2024-12-17,SAR JOHNSON ACH PMT,1200.00,REF0611
txn-0957,2024-12-14,TAX REFUND DEPOSIT,2952.96,EXT0957
txn-0697,2024-12-14,DAVIS E CHECK DEP,2340.00,REF0697
txn-0812,2024-12-17,CHECK PAYMENT,2345.00,REF0812
txn-0959,2024-12-22,INSURANCE REFUND,3726.62,EXT0959
txn-0643,2024-12-16,JOS CLARK ACH PMT,1567.00,REF0643
txn-0157,2024-12-13,CARTER GEORGE ONLINE,9870.50,REF0157
txn-0113,2024-12-22,ONLINE PMT ELIZABETH JANE WHITE,5600.00,REF0113
txn-0049,2024-12-12,"SMITH, JOHN ACH PMT",450.00,REF0049
txn-0774,2024-12-16,COUNTER DEPOSIT,1100.00,REF0774
txn-0094,2024-12-12,WILSON AMANDA DEP,3200.00,REF0094
txn-0506,2024-12-19,CHRISTOPHER BROWN,567.25,REF0506
txn-0522,2024-12-10,TAYLOR R CHECK DEP,8900.00,REF0522
txn-0142,2024-12-15,DEP JOHN DAVID SMITH,450.00,REF0142
txn-0882,2024-12-16,ONLINE DEPOSIT,1678.00,
txn-0926,2024-12-22,PROMOTIONAL CREDIT,43.29,EXT0926
txn-0409,2024-12-17,BAR LEE PAYMENT,345.50,REF0409
txn-0598,2024-12-11,M CAMPBELL ONLINE PMT,2567.75,REF0598
txn-0439,2024-12-19,HARRIS JAME,432.75,REF0439
txn-0599,2024-12-15,BRIAN T,4560.00,REF0599
txn-0765,2024-12-16,CHECK PAYMENT,234.25,REF0765
txn-0270,2024-12-19,RONALD GENE GREEN PAYMENT,1234.00,REF0270
txn-0552,2024-12-19,MARTIN P PAYMENT,1100.00,REF0552
txn-0975,2024-12-23,TAX REFUND DEPOSIT,2902.44,EXT0975
txn-0763,2024-12-22,CASH DEPOSIT,892.50,REF0763
txn-0253,2024-12-22,NANCY LOU WALKER PAYMENT,287.00,REF0253
txn-0993,2024-12-18,LOAN DISBURSEMENT,21420.98,EXT0993
txn-0272,2024-12-10,CHECK JAMES PATRICK HARRIS,432.75,REF0272
txn-0147,2024-12-12,RONALD GENE GREEN ACH,1234.00,REF0147
txn-0470,2024-12-13,MICHELLE T,1875.50,REF0470
txn-0659,2024-12-17,K BAKER CHECK,3456.00,REF0659
txn-0406,2024-12-12,MARGARET MITCHELL,234.25,REF0406
txn-0512,2024-12-21,J HARRIS CHECK DEP,432.75,REF0512
txn-0672,2024-12-21,J CLARK ONLINE,1567.00,REF0672
txn-0218,2024-12-21,ONLINE PMT MICHELLE KATE THOMAS,1875.50,REF0218
txn-0323,2024-12-12,"ROBINSON, THOMAS ACH",4125.00,REF0323
txn-0736,2024-12-16,CHECK DEPOSIT,432.75,
txn-0581,2024-12-15,ELIZABETH WHITE,5600.00,REF0581
txn-0217,2024-12-19,WILSON AMANDA ACH,3200.00,REF0217
txn-0068,2024-12-18,CHECK RUTH ELLEN ROBERTS,892.50,REF0068
txn-0275,2024-12-20,CLARK JOSEPH CHECK DEP,1567.00,REF0275
txn-0411,2024-12-14,SMITH J ONLINE PMT,450.00,REF0411
txn-0324,2024-12-11,"THOMPSON, DANIEL WIRE",2890.00,REF0324
txn-0825,2024-12-19,WIRE TRANSFER,6750.00,REF0825
txn-0983,2024-12-18,REFUND FROM VENDOR,334.01,EXT0983
txn-0842,2024-12-14,CASH DEPOSIT,789.25,REF0842
txn-0235,2024-12-24,JOHN DAVID SMITH WIRE,450.00,REF0235
txn-0058,2024-12-13,"TURNER, BRIAN CHECK",4560.00,REF0058
txn-0795,2024-12-23,ACH TRANSFER,4560.00,REF0795
txn-0787,2024-12-19,CUSTOMER PAYMENT,432.75,REF0787
txn-0864,2024-12-15,WIRE TRANSFER,6750.00,
txn-0333,2024-12-13,"MARTIN, PATRICIA WIRE",1100.00,REF0333
txn-0702,2024-12-24,CASH DEPOSIT,567.00,
txn-0225,2024-12-25,"KING, BETTY PAYMENT",198.50,REF0225
txn-0571,2024-12-10,ASHLEY N,567.00,REF0571
txn-0705,2024-12-24,MISC PAYMENT,456.75,
txn-0656,2024-12-17,EMILY DAVIS,2340.00,REF0656
txn-0277,2024-12-15,KENNETH RAY BAKER DEP,3456.00,REF0277
txn-0389,2024-12-12,BAKER KENNETH CHECK DEP,3456.00,REF0389
txn-0474,2024-12-10,HALL C DEP,1890.75,REF0474
txn-0168,2024-12-17,ADAMS SANDRA DEP,456.75,REF0168
txn-0995,2024-12-19,BANK ADJUSTMENT,50.52,EXT0995
txn-0747,2024-12-23,ACH DEPOSIT,287.00,
txn-0547,2024-12-16,ACH PMT J CLARK,1567.00,REF0547
txn-0176,2024-12-19,"JONES, SARAH DEP",1200.00,REF0176
txn-0908,2024-12-20,DIVIDEND PAYMENT,628.95,EXT0908
txn-0624,2024-12-21,S ADAMS PAYMENT,456.75,REF0624
txn-0074,2024-12-21,"WILLIAMS, MICHAEL WIRE",875.50,REF0074
txn-0664,2024-12-12,DAVIS E PAYMENT,2340.00,REF0664
txn-0700,2024-12-22,PAT MARTIN CHECK DEP,1100.00,REF0700
txn-0971,2024-12-17,VENDOR REBATE,329.08,EXT0971
txn-0274,2024-12-11,CHECK DEP SANDRA LEE ADAMS,456.75,REF0274
txn-0687,2024-12-13,ACH M WILLIAMS,875.50,REF0687
txn-0215,2024-12-22,"HALL, CHARLES WIRE",1890.75,REF0215
txn-0364,2024-12-13,JAMES PATRICK HARRIS ONLINE PMT,432.75,REF0364
txn-0380,2024-12-21,CLARK JOSEPH DEPOSIT,1567.00,REF0380
txn-0167,2024-12-11,CARTER GEORGE WIRE,9870.50,REF0167
txn-0374,2024-12-22,"WRIGHT, DONALD DEP",2345.00,REF0374
txn-0855,2024-12-14,DEPOSIT,725.00,REF0855
txn-0651,2024-12-22,DEP J SMITH,450.00,REF0651
txn-0465,2024-12-12,MARIA C,2567.75,REF0465
txn-0955,2024-12-25,DIVIDEND PAYMENT,849.33,EXT0955
txn-0948,2024-12-16,BANK ADJUSTMENT,186.33,EXT0948
txn-0104,2024-12-20,ONLINE CHARLES EDWARD HALL,1890.75,REF0104
txn-0888,2024-12-24,UNKNOWN DEPOSIT,1678.00,REF0888
txn-0979,2024-12-14,VENDOR REBATE,1510.99,EXT0979
txn-0876,2024-12-23,CHECK PAYMENT,2567.75,
txn-0082,2024-12-12,"WALKER, NANCY ONLINE PMT",287.00,REF0082
txn-0297,2024-12-14,"LEE, BARBARA WIRE",345.50,REF0297
txn-0792,2024-12-25,CHECK RECEIVED,3456.00,
txn-0234,2024-12-17,"ALLEN, KAREN ONLINE",534.00,REF0234
txn-0678,2024-12-20,E WHITE DEPOSIT,5600.00,REF0678
txn-0047,2024-12-21,ONLINE PMT RUTH ELLEN ROBERTS,892.50,REF0047
txn-0072,2024-12-25,CHECK DEP THOMAS WAYNE ROBINSON,4125.00,REF0072
txn-0722,2024-12-20,CHECK RECEIVED,923.25,REF0722
txn-0197,2024-12-10,ELIZABETH JANE WHITE CHECK DEP,5600.00,REF0197
txn-0592,2024-12-13,BAKER K DEPOSIT,3456.00,REF0592
txn-0371,2024-12-13,ONLINE PMT STEVEN PAUL YOUNG,6750.00,REF0371
txn-0883,2024-12-24,CHECK RECEIVED,1200.00,REF0883
txn-0907,2024-12-10,EXTERNAL TRANSFER IN,9191.02,EXT0907
txn-0634,2024-12-25,CHRISTOPHER BROWN,567.25,REF0634
txn-0644,2024-12-23,SCOTT DORO,789.25,REF0644
txn-0850,2024-12-13,MISC PAYMENT,5600.00,
txn-0301,2024-12-11,"WALKER, NANCY ACH",287.00,REF0301
txn-0566,2024-12-21,SARAH J,1200.00,REF0566
txn-0081,2024-12-13,SMITH JOHN CHECK,450.00,REF0081
txn-0388,2024-12-18,CLARK JOSEPH ACH PMT,1567.00,REF0388
txn-0128,2024-12-10,WALKER NANCY ONLINE,287.00,REF0128
txn-0550,2024-12-11,MIC THOMAS CHECK,1875.50,REF0550
txn-0471,2024-12-17,PATRICIA MARTIN,1100.00,REF0471
txn-0748,2024-12-20,ONLINE DEPOSIT,4125.00,REF0748
txn-0045,2024-12-19,MARTIN PATRICIA DEPOSIT,1100.00,REF0045
txn-0827,2024-12-15,ACH DEPOSIT,456.75,REF0827
txn-0271,2024-12-25,ACH SARAH ELIZABETH JONES,1200.00,REF0271
txn-0619,2024-12-20,NAN WALKER DEP,287.00,REF0619
txn-0353,2024-12-21,KEVIN MICHAEL PHILLIPS ONLINE,345.00,REF0353
txn-0868,2024-12-11,ACH TRANSFER,345.00,REF0868
txn-0368,2024-12-11,"GARCIA, JENNIFER WIRE",4500.00,REF0368
txn-0100,2024-12-11,MARGARET ANN MITCHELL ONLINE PMT,234.25,REF0100
txn-0390,2024-12-12,"ROBERTS, RUTH ONLINE",892.50,REF0390
txn-0095,2024-12-23,GEORGE WILLIAM CARTER DEP,9870.50,REF0095
txn-0991,2024-12-16,PROMOTIONAL CREDIT,163.03,EXT0991
txn-0345,2024-12-17,"THOMAS, MICHELLE ONLINE",1875.50,REF0345
txn-0782,2024-12-12,UNKNOWN DEPOSIT,567.25,REF0782
txn-0221,2024-12-22,BETTY JO KING PAYMENT,198.50,REF0221
txn-0160,2024-12-14,ONLINE MICHAEL ROBERT WILLIAMS,875.50,REF0160
txn-0965,2024-12-16,ROYALTY PAYMENT,1279.00,EXT0965
txn-0349,2024-12-12,STEVEN PAUL YOUNG PAYMENT,6750.00,REF0349
txn-0984,2024-12-21,LOYALTY BONUS,45.20,EXT0984
txn-0715,2024-12-12,PAYMENT RECEIVED,432.75,
txn-0164,2024-12-21,PATRICIA SUE MARTIN WIRE,1100.00,REF0164
txn-0826,2024-12-10,CHECK PAYMENT,234.25,
txn-0778,2024-12-12,WIRE RECEIVED,534.00,REF0778
txn-0007,2024-12-14,BARBARA JEAN LEE DEP,345.50,REF0007
txn-0891,2024-12-21,CHECK DEPOSIT,1875.50,REF0891
txn-0829,2024-12-19,ACH DEPOSIT,875.50,REF0829
txn-0285,2024-12-17,WIRE DOROTHY MAE SCOTT,789.25,REF0285
txn-0604,2024-12-10,DAVIS EMIL,2340.00,REF0604
txn-0460,2024-12-14,R ANDERSON DEPOSIT,725.00,REF0460
txn-0226,2024-12-11,"GARCIA, JENNIFER ONLINE",4500.00,REF0226
txn-0430,2024-12-15,CHECK DEP M THOMAS,1875.50,REF0430
txn-0987,2024-12-23,VENDOR REBATE,1009.82,EXT0987
txn-0719,2024-12-15,WIRE RECEIVED,4500.00,REF0719
txn-0666,2024-12-23,EMILY DAVIS,2340.00,REF0666
txn-0734,2024-12-19,CHECK RECEIVED,2567.75,
txn-0204,2024-12-10,ACH KEVIN MICHAEL PHILLIPS,345.00,REF0204
txn-0575,2024-12-25,ROBINSON T ACH PMT,4125.00,REF0575
txn-0028,2024-12-23,WIRE ROBERT LEE ANDERSON,725.00,REF0028
txn-0617,2024-12-14,MITCHELL M DEPOSIT,234.25,REF0617
txn-0518,2024-12-13,MITCHELL M WIRE,234.25,REF0518
txn-0239,2024-12-10,JACKSON WILLIAM DEPOSIT,299.00,REF0239
txn-0224,2024-12-11,"HARRIS, JAMES CHECK",432.75,REF0224
txn-0096,2024-12-23,DEPOSIT KEVIN MICHAEL PHILLIPS,345.00,REF0096
txn-0031,2024-12-15,"WALKER, NANCY CHECK DEP",287.00,REF0031
txn-0033,2024-12-14,ACH LINDA CAROL MOORE,675.00,REF0033
txn-0433,2024-12-25,MOORE LIND,675.00,REF0433
txn-0605,2024-12-23,ACH PMT E WHITE,5600.00,REF0605
txn-0090,2024-12-23,DOROTHY MAE SCOTT ACH,789.25,REF0090
txn-0559,2024-12-17,JOH SMITH CHECK DEP,450.00,REF0559
txn-0914,2024-12-14,BANK ADJUSTMENT,17.87,EXT0914
txn-0759,2024-12-21,UNKNOWN DEPOSIT,450.00,
txn-0693,2024-12-14,PAYMENT J CLARK,1567.00,REF0693
txn-0105,2024-12-12,MITCHELL MARGARET ACH,234.25,REF0105
txn-0755,2024-12-23,CUSTOMER PAYMENT,1678.00,REF0755
txn-0143,2024-12-25,WALKER NANCY CHECK DEP,287.00,REF0143
txn-0229,2024-12-18,RUTH ELLEN ROBERTS DEP,892.50,REF0229
txn-0251,2024-12-21,MARTINEZ DAVID ONLINE PMT,189.99,REF0251
txn-0282,2024-12-18,PAYMENT BARBARA JEAN LEE,345.50,REF0282
txn-0760,2024-12-17,WIRE RECEIVED,1100.00,
txn-0026,2024-12-15,WIRE MICHAEL ROBERT WILLIAMS,875.50,REF0026
txn-0115,2024-12-21,"WILSON, AMANDA CHECK",3200.00,REF0115
txn-0655,2024-12-25,KEVIN PHILLIPS,345.00,REF0655
