id,invoice_number,customer_name,customer_email,amount,status,due_date,paid_at,created_at
inv-001,INV-2024-001,John David Smith,john.smith@email.com,450.00,sent,2024-12-10,,2024-11-25T10:00:00Z
inv-002,INV-2024-002,Sarah Marie Johnson,sarah.johnson@gmail.com,1200.00,paid,2024-11-15,2024-11-14T14:30:00Z,2024-10-30T09:15:00Z
inv-003,INV-2024-003,Michael Robert Williams,m.williams@outlook.com,875.50,overdue,2024-12-01,,2024-11-15T11:20:00Z
inv-004,INV-2024-004,Emily Rose Davis,emily.davis@email.com,2340.00,sent,2024-12-20,,2024-12-05T08:45:00Z
inv-005,INV-2024-005,Christopher James Brown,chris.brown@gmail.com,567.25,paid,2024-11-20,2024-11-18T16:00:00Z,2024-11-05T14:30:00Z
inv-006,INV-2024-006,Amanda Lynn Wilson,amanda.wilson@email.com,3200.00,sent,2024-12-18,,2024-12-03T10:00:00Z
inv-007,INV-2024-007,David Allen Martinez,david.martinez@outlook.com,189.99,overdue,2024-11-25,,2024-11-10T09:00:00Z
inv-008,INV-2024-008,Jennifer Ann Garcia,jen.garcia@gmail.com,4500.00,sent,2024-12-22,,2024-12-07T13:45:00Z
inv-009,INV-2024-009,Robert Lee Anderson,robert.anderson@email.com,725.00,paid,2024-11-10,2024-11-09T11:20:00Z,2024-10-25T08:30:00Z
inv-010,INV-2024-010,Michelle Kate Thomas,michelle.thomas@outlook.com,1875.50,sent,2024-12-15,,2024-11-30T15:00:00Z
inv-011,INV-2024-011,William Scott Jackson,will.jackson@gmail.com,299.00,overdue,2024-12-05,,2024-11-20T10:30:00Z
inv-012,INV-2024-012,Elizabeth Jane White,liz.white@email.com,5600.00,sent,2024-12-28,,2024-12-13T09:15:00Z
inv-013,INV-2024-013,James Patrick Harris,james.harris@outlook.com,432.75,paid,2024-11-18,2024-11-17T14:00:00Z,2024-11-03T11:45:00Z
inv-014,INV-2024-014,Patricia Sue Martin,pat.martin@gmail.com,1100.00,sent,2024-12-12,,2024-11-27T08:00:00Z
inv-015,INV-2024-015,Daniel Ray Thompson,dan.thompson@email.com,2890.00,overdue,2024-11-28,,2024-11-13T16:30:00Z
inv-016,INV-2024-016,Linda Carol Moore,linda.moore@outlook.com,675.00,sent,2024-12-19,,2024-12-04T10:45:00Z
inv-017,INV-2024-017,Richard Dean Taylor,rich.taylor@gmail.com,8900.00,draft,2024-12-30,,2024-12-15T14:00:00Z
inv-018,INV-2024-018,Barbara Jean Lee,barb.lee@email.com,345.50,paid,2024-11-12,2024-11-11T09:30:00Z,2024-10-28T13:15:00Z
inv-019,INV-2024-019,Joseph Mark Clark,joe.clark@outlook.com,1567.00,sent,2024-12-16,,2024-12-01T08:20:00Z
inv-020,INV-2024-020,Susan Kay Lewis,susan.lewis@gmail.com,923.25,overdue,2024-12-03,,2024-11-18T11:00:00Z
inv-021,INV-2024-021,Thomas Wayne Robinson,tom.robinson@email.com,4125.00,sent,2024-12-21,,2024-12-06T15:45:00Z
inv-022,INV-2024-022,Nancy Lou Walker,nancy.walker@outlook.com,287.00,paid,2024-11-08,2024-11-07T10:15:00Z,2024-10-24T09:30:00Z
inv-023,INV-2024-023,Charles Edward Hall,chuck.hall@gmail.com,1890.75,sent,2024-12-14,,2024-11-29T12:00:00Z
inv-024,INV-2024-024,Karen Sue Allen,karen.allen@email.com,534.00,overdue,2024-11-30,,2024-11-15T14:20:00Z
inv-025,INV-2024-025,Steven Paul Young,steve.young@outlook.com,6750.00,sent,2024-12-25,,2024-12-10T08:00:00Z
inv-026,INV-2024-026,Betty Jo King,betty.king@gmail.com,198.50,paid,2024-11-22,2024-11-21T16:45:00Z,2024-11-07T10:30:00Z
inv-027,INV-2024-027,Donald Ray Wright,don.wright@email.com,2345.00,sent,2024-12-17,,2024-12-02T13:00:00Z
inv-028,INV-2024-028,Dorothy Mae Scott,dorothy.scott@outlook.com,789.25,overdue,2024-12-06,,2024-11-21T09:15:00Z
inv-029,INV-2024-029,Ronald Gene Green,ron.green@gmail.com,1234.00,sent,2024-12-23,,2024-12-08T11:30:00Z
inv-030,INV-2024-030,Sandra Lee Adams,sandy.adams@email.com,456.75,paid,2024-11-16,2024-11-15T13:00:00Z,2024-11-01T15:45:00Z
inv-031,INV-2024-031,Kenneth Ray Baker,ken.baker@outlook.com,3456.00,sent,2024-12-19,,2024-12-04T08:45:00Z
inv-032,INV-2024-032,Ashley Nicole Nelson,ashley.nelson@gmail.com,567.00,overdue,2024-12-02,,2024-11-17T10:00:00Z
inv-033,INV-2024-033,George William Carter,george.carter@email.com,9870.50,sent,2024-12-27,,2024-12-12T14:30:00Z
inv-034,INV-2024-034,Margaret Ann Mitchell,maggie.mitchell@outlook.com,234.25,paid,2024-11-14,2024-11-13T11:45:00Z,2024-10-30T08:00:00Z
inv-035,INV-2024-035,Edward James Perez,ed.perez@gmail.com,1678.00,sent,2024-12-20,,2024-12-05T16:00:00Z
inv-036,INV-2024-036,Ruth Ellen Roberts,ruth.roberts@email.com,892.50,overdue,2024-11-27,,2024-11-12T09:30:00Z
inv-037,INV-2024-037,Brian Lee Turner,brian.turner@outlook.com,4560.00,sent,2024-12-24,,2024-12-09T12:15:00Z
inv-038,INV-2024-038,Sarah Elizabeth Jones,sarah.jones@gmail.com,1200.00,sent,2024-12-11,,2024-11-26T10:45:00Z
inv-039,INV-2024-039,Kevin Michael Phillips,kevin.phillips@email.com,345.00,paid,2024-11-19,2024-11-18T14:30:00Z,2024-11-04T08:20:00Z
inv-040,INV-2024-040,Maria Teresa Campbell,maria.campbell@outlook.com,2567.75,sent,2024-12-18,,2024-12-03T15:00:00Z
inv-041,INV-2024-041,Jason Robert Parker,jason.parker@gmail.com,678.50,overdue,2024-12-04,,2024-11-19T11:15:00Z
inv-042,INV-2024-042,Laura Christine Evans,laura.evans@email.com,5432.00,sent,2024-12-26,,2024-12-11T09:00:00Z
inv-043,INV-2024-043,Jeffrey Scott Edwards,jeff.edwards@outlook.com,189.00,paid,2024-11-11,2024-11-10T16:20:00Z,2024-10-27T14:45:00Z
inv-044,INV-2024-044,Stephanie Ann Collins,steph.collins@gmail.com,1345.50,sent,2024-12-15,,2024-11-30T08:30:00Z
inv-045,INV-2024-045,Gregory Paul Stewart,greg.stewart@email.com,876.25,overdue,2024-11-29,,2024-11-14T12:00:00Z
inv-046,INV-2024-046,Sharon Kay Sanchez,sharon.sanchez@outlook.com,7890.00,sent,2024-12-29,,2024-12-14T10:15:00Z
inv-047,INV-2024-047,Frank Joseph Morris,frank.morris@gmail.com,234.50,paid,2024-11-17,2024-11-16T09:45:00Z,2024-11-02T16:30:00Z
inv-048,INV-2024-048,Deborah Lynn Rogers,deb.rogers@email.com,1987.00,sent,2024-12-13,,2024-11-28T13:00:00Z
inv-049,INV-2024-049,Raymond Charles Reed,ray.reed@outlook.com,543.75,overdue,2024-12-07,,2024-11-22T08:45:00Z
inv-050,INV-2024-050,Cynthia Marie Cook,cindy.cook@gmail.com,3210.00,sent,2024-12-22,,2024-12-07T15:30:00Z
inv-051,INV-2024-051,Henry David Morgan,henry.morgan@email.com,456.00,sent,2024-12-10,,2024-11-25T09:00:00Z
inv-052,INV-2024-052,Angela Rose Bell,angela.bell@outlook.com,1123.50,paid,2024-11-13,2024-11-12T14:15:00Z,2024-10-29T11:30:00Z
inv-053,INV-2024-053,Walter James Murphy,walt.murphy@gmail.com,2678.00,sent,2024-12-19,,2024-12-04T08:00:00Z
inv-054,INV-2024-054,Brenda Sue Bailey,brenda.bailey@email.com,389.25,overdue,2024-11-26,,2024-11-11T16:45:00Z
inv-055,INV-2024-055,Albert Lee Rivera,al.rivera@outlook.com,8765.00,sent,2024-12-28,,2024-12-13T10:30:00Z
inv-056,INV-2024-056,Pamela Jean Cooper,pam.cooper@gmail.com,567.50,paid,2024-11-21,2024-11-20T11:00:00Z,2024-11-06T14:00:00Z
inv-057,INV-2024-057,Willie Ray Richardson,willie.richardson@email.com,1456.00,sent,2024-12-16,,2024-12-01T12:45:00Z
inv-058,INV-2024-058,Virginia Carol Cox,ginny.cox@outlook.com,923.75,overdue,2024-12-01,,2024-11-16T09:15:00Z
inv-059,INV-2024-059,Russell Wayne Howard,russ.howard@gmail.com,4321.00,sent,2024-12-24,,2024-12-09T15:00:00Z
inv-060,INV-2024-060,Katherine Ann Ward,kate.ward@email.com,278.00,paid,2024-11-09,2024-11-08T13:30:00Z,2024-10-25T10:45:00Z
inv-061,INV-2024-061,Eugene Patrick Torres,gene.torres@outlook.com,1789.50,sent,2024-12-14,,2024-11-29T08:20:00Z
inv-062,INV-2024-062,Diane Louise Peterson,diane.peterson@gmail.com,654.25,overdue,2024-12-08,,2024-11-23T11:30:00Z
inv-063,INV-2024-063,Ralph Edward Gray,ralph.gray@email.com,5678.00,sent,2024-12-27,,2024-12-12T14:15:00Z
inv-064,INV-2024-064,Joyce Marie Ramirez,joyce.ramirez@outlook.com,345.75,paid,2024-11-15,2024-11-14T10:00:00Z,2024-10-31T16:00:00Z
inv-065,INV-2024-065,Roy Alan James,roy.james@gmail.com,2134.00,sent,2024-12-21,,2024-12-06T09:45:00Z
inv-066,INV-2024-066,Judith Kay Watson,judy.watson@email.com,789.00,overdue,2024-11-24,,2024-11-09T13:00:00Z
inv-067,INV-2024-067,Louis Gene Brooks,lou.brooks@outlook.com,6543.50,sent,2024-12-26,,2024-12-11T10:30:00Z
inv-068,INV-2024-068,Theresa Ann Kelly,terry.kelly@gmail.com,432.25,paid,2024-11-18,2024-11-17T15:45:00Z,2024-11-03T08:15:00Z
inv-069,INV-2024-069,Carl David Sanders,carl.sanders@email.com,1567.00,sent,2024-12-17,,2024-12-02T12:00:00Z
inv-070,INV-2024-070,Cheryl Lynn Price,cheryl.price@outlook.com,876.50,overdue,2024-12-05,,2024-11-20T14:30:00Z
inv-071,INV-2024-071,Billy Joe Bennett,billy.bennett@gmail.com,3890.00,sent,2024-12-23,,2024-12-08T08:45:00Z
inv-072,INV-2024-072,Joan Marie Wood,joan.wood@email.com,234.00,paid,2024-11-12,2024-11-11T11:15:00Z,2024-10-28T15:30:00Z
inv-073,INV-2024-073,Lawrence Wayne Barnes,larry.barnes@outlook.com,1890.75,sent,2024-12-15,,2024-11-30T10:00:00Z
inv-074,INV-2024-074,Anna Maria Ross,anna.ross@gmail.com,567.25,overdue,2024-11-28,,2024-11-13T16:00:00Z
inv-075,INV-2024-075,Gerald Ray Henderson,jerry.henderson@email.com,7234.00,sent,2024-12-29,,2024-12-14T09:30:00Z
inv-076,INV-2024-076,Kathryn Sue Coleman,kathy.coleman@outlook.com,345.50,paid,2024-11-20,2024-11-19T14:00:00Z,2024-11-05T11:45:00Z
inv-077,INV-2024-077,Roger Dale Jenkins,roger.jenkins@gmail.com,2456.00,sent,2024-12-18,,2024-12-03T13:15:00Z
inv-078,INV-2024-078,Alice Mae Perry,alice.perry@email.com,789.75,overdue,2024-12-02,,2024-11-17T08:30:00Z
inv-079,INV-2024-079,Terry Lee Powell,terry.powell@outlook.com,4567.00,sent,2024-12-25,,2024-12-10T15:45:00Z
inv-080,INV-2024-080,Jean Carol Long,jean.long@gmail.com,198.25,paid,2024-11-10,2024-11-09T10:30:00Z,2024-10-26T14:00:00Z
inv-081,INV-2024-081,Arthur James Patterson,art.patterson@email.com,1234.50,sent,2024-12-12,,2024-11-27T09:00:00Z
inv-082,INV-2024-082,Gloria Ann Hughes,gloria.hughes@outlook.com,876.00,overdue,2024-12-09,,2024-11-24T12:30:00Z
inv-083,INV-2024-083,Wayne Robert Flores,wayne.flores@gmail.com,5890.00,sent,2024-12-28,,2024-12-13T08:15:00Z
inv-084,INV-2024-084,Marie Louise Washington,marie.washington@email.com,432.50,paid,2024-11-16,2024-11-15T16:00:00Z,2024-11-01T10:45:00Z
inv-085,INV-2024-085,Jack William Butler,jack.butler@outlook.com,2678.75,sent,2024-12-20,,2024-12-05T14:30:00Z
inv-086,INV-2024-086,Frances Kay Simmons,fran.simmons@gmail.com,567.00,overdue,2024-11-23,,2024-11-08T11:00:00Z
inv-087,INV-2024-087,Bobby Ray Foster,bob.foster@email.com,8234.00,sent,2024-12-27,,2024-12-12T09:45:00Z
inv-088,INV-2024-088,Teresa Marie Gonzales,teresa.gonzales@outlook.com,345.25,paid,2024-11-19,2024-11-18T13:15:00Z,2024-11-04T15:30:00Z
inv-089,INV-2024-089,Johnny Lee Bryant,johnny.bryant@gmail.com,1567.50,sent,2024-12-14,,2024-11-29T10:00:00Z
inv-090,INV-2024-090,Sara Jane Alexander,sara.alexander@email.com,789.00,overdue,2024-12-06,,2024-11-21T16:45:00Z
inv-091,INV-2024-091,Martin Paul Russell,marty.russell@outlook.com,4123.00,sent,2024-12-24,,2024-12-09T08:30:00Z
inv-092,INV-2024-092,Julia Ann Griffin,julia.griffin@gmail.com,234.75,paid,2024-11-14,2024-11-13T11:00:00Z,2024-10-30T14:15:00Z
inv-093,INV-2024-093,Peter James Diaz,pete.diaz@email.com,1890.00,sent,2024-12-17,,2024-12-02T15:00:00Z
inv-094,INV-2024-094,Lillian Rose Hayes,lily.hayes@outlook.com,654.50,overdue,2024-11-30,,2024-11-15T09:30:00Z
inv-095,INV-2024-095,Harold Gene Myers,harold.myers@gmail.com,6789.00,sent,2024-12-26,,2024-12-11T12:45:00Z
inv-096,INV-2024-096,Anne Marie Ford,anne.ford@email.com,456.25,paid,2024-11-22,2024-11-21T14:30:00Z,2024-11-07T08:00:00Z
inv-097,INV-2024-097,Douglas Ray Hamilton,doug.hamilton@outlook.com,2345.50,sent,2024-12-19,,2024-12-04T11:15:00Z
inv-098,INV-2024-098,Doris Mae Graham,doris.graham@gmail.com,789.75,overdue,2024-12-03,,2024-11-18T15:45:00Z
inv-099,INV-2024-099,Gary Wayne Sullivan,gary.sullivan@email.com,5234.00,sent,2024-12-25,,2024-12-10T09:00:00Z
inv-100,INV-2024-100,Janice Carol Wallace,jan.wallace@outlook.com,345.00,paid,2024-11-11,2024-11-10T10:15:00Z,2024-10-27T13:30:00Z
inv-101,INV-2024-101,Bruce Allen West,bruce.west@gmail.com,450.00,sent,2024-12-15,,2024-11-30T14:00:00Z
inv-102,INV-2024-102,Marilyn Jean Cole,marilyn.cole@email.com,1234.00,overdue,2024-12-01,,2024-11-16T08:45:00Z
inv-103,INV-2024-103,Stanley Ray Jordan,stan.jordan@outlook.com,3567.00,sent,2024-12-22,,2024-12-07T11:30:00Z
inv-104,INV-2024-104,Andrea Lynn Owens,andrea.owens@gmail.com,678.25,paid,2024-11-17,2024-11-16T15:00:00Z,2024-11-02T10:00:00Z
inv-105,INV-2024-105,Fred Charles Reynolds,fred.reynolds@email.com,9123.50,sent,2024-12-28,,2024-12-13T13:45:00Z
inv-106,INV-2024-106,Janet Sue Fisher,janet.fisher@outlook.com,432.00,overdue,2024-11-25,,2024-11-10T16:30:00Z
inv-107,INV-2024-107,Jesse Wayne Ellis,jesse.ellis@gmail.com,1789.00,sent,2024-12-16,,2024-12-01T09:15:00Z
inv-108,INV-2024-108,Shirley Ann Harrison,shirley.harrison@email.com,567.75,paid,2024-11-20,2024-11-19T11:45:00Z,2024-11-05T14:30:00Z
inv-109,INV-2024-109,Randy Lee Gibson,randy.gibson@outlook.com,4890.00,sent,2024-12-24,,2024-12-09T10:00:00Z
inv-110,INV-2024-110,Norma Kay McDonald,norma.mcdonald@gmail.com,234.50,overdue,2024-12-07,,2024-11-22T13:00:00Z
inv-111,INV-2024-111,Howard Paul Cruz,howard.cruz@email.com,2567.75,sent,2024-12-21,,2024-12-06T15:15:00Z
inv-112,INV-2024-112,Carolyn Marie Spencer,carolyn.spencer@outlook.com,876.25,paid,2024-11-13,2024-11-12T10:30:00Z,2024-10-29T08:45:00Z
inv-113,INV-2024-113,Philip Ray Tucker,phil.tucker@gmail.com,6234.00,sent,2024-12-27,,2024-12-12T12:00:00Z
inv-114,INV-2024-114,Wanda Lou Hunter,wanda.hunter@email.com,345.75,overdue,2024-11-29,,2024-11-14T16:00:00Z
inv-115,INV-2024-115,Aaron James Hicks,aaron.hicks@outlook.com,1456.50,sent,2024-12-18,,2024-12-03T09:30:00Z
inv-116,INV-2024-116,Evelyn Sue Crawford,evelyn.crawford@gmail.com,789.00,paid,2024-11-21,2024-11-20T14:15:00Z,2024-11-06T11:00:00Z
inv-117,INV-2024-117,Benjamin Allen Holmes,ben.holmes@email.com,3890.00,sent,2024-12-23,,2024-12-08T13:45:00Z
inv-118,INV-2024-118,Ruby Jean Stone,ruby.stone@outlook.com,456.50,overdue,2024-12-04,,2024-11-19T08:30:00Z
inv-119,INV-2024-119,Victor Ray Warren,vic.warren@gmail.com,7567.00,sent,2024-12-29,,2024-12-14T10:45:00Z
inv-120,INV-2024-120,Thelma Ann Webb,thelma.webb@email.com,234.25,paid,2024-11-08,2024-11-07T15:30:00Z,2024-10-24T14:00:00Z
inv-121,INV-2024-121,Norman Gene Simpson,norm.simpson@outlook.com,1890.25,sent,2024-12-15,,2024-11-30T11:00:00Z
inv-122,INV-2024-122,Louise Kay Stevens,louise.stevens@gmail.com,567.50,overdue,2024-11-27,,2024-11-12T16:15:00Z
inv-123,INV-2024-123,Clarence Paul Freeman,clarence.freeman@email.com,4321.75,sent,2024-12-22,,2024-12-07T09:00:00Z
inv-124,INV-2024-124,Phyllis Marie Fuller,phyllis.fuller@outlook.com,678.00,paid,2024-11-18,2024-11-17T11:30:00Z,2024-11-03T15:45:00Z
inv-125,INV-2024-125,Earl David Sanders,earl.sanders@gmail.com,8567.00,sent,2024-12-28,,2024-12-13T14:00:00Z
inv-126,INV-2024-126,Rose Ann Hart,rose.hart@email.com,345.25,overdue,2024-12-02,,2024-11-17T10:30:00Z
inv-127,INV-2024-127,Allen Ray Austin,allen.austin@outlook.com,2234.00,sent,2024-12-20,,2024-12-05T12:15:00Z
inv-128,INV-2024-128,Irene Louise Kelley,irene.kelley@gmail.com,789.50,paid,2024-11-14,2024-11-13T16:45:00Z,2024-10-30T09:00:00Z
inv-129,INV-2024-129,Melvin Wayne Dunn,mel.dunn@email.com,5123.00,sent,2024-12-25,,2024-12-10T08:30:00Z
inv-130,INV-2024-130,Helen Carol Burns,helen.burns@outlook.com,432.75,overdue,2024-11-22,,2024-11-07T13:00:00Z
inv-131,INV-2024-131,Herbert James Snyder,herb.snyder@gmail.com,1678.50,sent,2024-12-17,,2024-12-02T15:45:00Z
inv-132,INV-2024-132,Mildred Sue Day,mildred.day@email.com,876.00,paid,2024-11-19,2024-11-18T10:00:00Z,2024-11-04T14:30:00Z
inv-133,INV-2024-133,Chester Ray Arnold,chet.arnold@outlook.com,6890.00,sent,2024-12-26,,2024-12-11T11:15:00Z
inv-134,INV-2024-134,Lucille Ann Palmer,lucy.palmer@gmail.com,234.00,overdue,2024-12-08,,2024-11-23T09:30:00Z
inv-135,INV-2024-135,Milton Gene Weaver,milt.weaver@email.com,2789.75,sent,2024-12-23,,2024-12-08T14:00:00Z
inv-136,INV-2024-136,Edna Mae Aguilar,edna.aguilar@outlook.com,567.25,paid,2024-11-11,2024-11-10T15:15:00Z,2024-10-27T10:45:00Z
inv-137,INV-2024-137,Clarence Lee Pearson,clarence.pearson@gmail.com,4234.00,sent,2024-12-19,,2024-12-04T09:45:00Z
inv-138,INV-2024-138,Beatrice Kay Mann,bea.mann@email.com,789.00,overdue,2024-11-24,,2024-11-09T16:30:00Z
inv-139,INV-2024-139,Floyd Wayne Carpenter,floyd.carpenter@outlook.com,8123.50,sent,2024-12-28,,2024-12-13T11:00:00Z
inv-140,INV-2024-140,Josephine Ann Black,josie.black@gmail.com,345.50,paid,2024-11-16,2024-11-15T12:30:00Z,2024-11-01T08:15:00Z
inv-141,INV-2024-141,Leon Ray Cunningham,leon.cunningham@email.com,1567.25,sent,2024-12-14,,2024-11-29T14:45:00Z
inv-142,INV-2024-142,Hazel Louise Harvey,hazel.harvey@outlook.com,654.00,overdue,2024-11-29,,2024-11-14T10:00:00Z
inv-143,INV-2024-143,Leonard Paul Hudson,len.hudson@gmail.com,5567.00,sent,2024-12-25,,2024-12-10T15:30:00Z
inv-144,INV-2024-144,Gertrude Marie Wheeler,gertie.wheeler@email.com,432.25,paid,2024-11-20,2024-11-19T09:45:00Z,2024-11-05T13:00:00Z
inv-145,INV-2024-145,Leroy Allen Franklin,leroy.franklin@outlook.com,2890.00,sent,2024-12-21,,2024-12-06T10:15:00Z
inv-146,INV-2024-146,Gladys Sue Hart,gladys.hart@gmail.com,789.75,overdue,2024-12-05,,2024-11-20T16:00:00Z
inv-147,INV-2024-147,Clifford Wayne Gordon,cliff.gordon@email.com,7234.50,sent,2024-12-27,,2024-12-12T08:45:00Z
inv-148,INV-2024-148,Bertha Ann Richards,bertha.richards@outlook.com,234.50,paid,2024-11-12,2024-11-11T14:00:00Z,2024-10-28T11:30:00Z
inv-149,INV-2024-149,Vernon Ray Gibbs,vern.gibbs@gmail.com,1890.00,sent,2024-12-18,,2024-12-03T12:30:00Z
inv-150,INV-2024-150,Ethel Mae Newman,ethel.newman@email.com,567.00,overdue,2024-11-26,,2024-11-11T09:15:00Z
inv-151,INV-2024-151,Dale Paul Wheeler,dale.wheeler@outlook.com,4567.25,sent,2024-12-24,,2024-12-09T14:30:00Z
inv-152,INV-2024-152,Pauline Kay Mason,pauline.mason@gmail.com,876.50,paid,2024-11-17,2024-11-16T11:15:00Z,2024-11-02T15:00:00Z
inv-153,INV-2024-153,Harvey Gene Hunt,harvey.hunt@email.com,6123.00,sent,2024-12-26,,2024-12-11T09:00:00Z
inv-154,INV-2024-154,Clara Sue Dixon,clara.dixon@outlook.com,345.00,overdue,2024-12-03,,2024-11-18T13:45:00Z
inv-155,INV-2024-155,Glenn Ray Romero,glenn.romero@gmail.com,2456.75,sent,2024-12-22,,2024-12-07T10:30:00Z
inv-156,INV-2024-156,Stella Ann Gardner,stella.gardner@email.com,789.25,paid,2024-11-19,2024-11-18T16:00:00Z,2024-11-04T08:30:00Z
inv-157,INV-2024-157,Bernard Lee Shaw,bernie.shaw@outlook.com,8567.50,sent,2024-12-29,,2024-12-14T15:15:00Z
inv-158,INV-2024-158,Myrtle Kay George,myrtle.george@gmail.com,456.00,overdue,2024-11-21,,2024-11-06T11:30:00Z
inv-159,INV-2024-159,Lester Paul Elliott,les.elliott@email.com,1678.00,sent,2024-12-15,,2024-11-30T09:45:00Z
inv-160,INV-2024-160,Bessie Louise Rose,bessie.rose@outlook.com,654.75,paid,2024-11-13,2024-11-12T12:45:00Z,2024-10-29T16:00:00Z
inv-161,INV-2024-161,Oscar Ray Ferguson,oscar.ferguson@gmail.com,5234.00,sent,2024-12-24,,2024-12-09T11:00:00Z
inv-162,INV-2024-162,Marjorie Ann Nichols,margie.nichols@email.com,345.25,overdue,2024-12-06,,2024-11-21T14:15:00Z
inv-163,INV-2024-163,Elmer Wayne Watkins,elmer.watkins@outlook.com,2789.00,sent,2024-12-20,,2024-12-05T13:30:00Z
inv-164,INV-2024-164,Nellie Sue Burton,nellie.burton@gmail.com,789.00,paid,2024-11-15,2024-11-14T09:00:00Z,2024-10-31T10:45:00Z
inv-165,INV-2024-165,Calvin Lee Stone,calvin.stone@email.com,6890.75,sent,2024-12-28,,2024-12-13T08:00:00Z
inv-166,INV-2024-166,Grace Marie Carroll,grace.carroll@outlook.com,432.50,overdue,2024-11-28,,2024-11-13T15:30:00Z
inv-167,INV-2024-167,Archie Gene West,archie.west@gmail.com,1890.25,sent,2024-12-17,,2024-12-02T10:15:00Z
inv-168,INV-2024-168,Ella Kay Weber,ella.weber@email.com,567.75,paid,2024-11-21,2024-11-20T13:30:00Z,2024-11-06T09:00:00Z
inv-169,INV-2024-169,Willis Ray Cruz,willis.cruz@outlook.com,4123.00,sent,2024-12-23,,2024-12-08T16:45:00Z
inv-170,INV-2024-170,Viola Ann Riley,viola.riley@gmail.com,234.00,overdue,2024-12-09,,2024-11-24T11:00:00Z
inv-171,INV-2024-171,Ernest Paul Webb,ernie.webb@email.com,7890.00,sent,2024-12-29,,2024-12-14T12:30:00Z
inv-172,INV-2024-172,Agnes Sue Garrett,agnes.garrett@outlook.com,876.25,paid,2024-11-10,2024-11-09T15:45:00Z,2024-10-26T14:15:00Z
inv-173,INV-2024-173,Alvin Lee Meyer,alvin.meyer@gmail.com,2345.00,sent,2024-12-19,,2024-12-04T09:00:00Z
inv-174,INV-2024-174,Minnie Kay Olson,minnie.olson@email.com,678.50,overdue,2024-11-25,,2024-11-10T16:15:00Z
inv-175,INV-2024-175,Gordon Wayne Fox,gordon.fox@outlook.com,5567.75,sent,2024-12-26,,2024-12-11T13:00:00Z
inv-176,INV-2024-176,Alma Louise Boyd,alma.boyd@gmail.com,345.00,paid,2024-11-18,2024-11-17T10:30:00Z,2024-11-03T08:45:00Z
inv-177,INV-2024-177,Sidney Ray Maxwell,sid.maxwell@email.com,1567.00,sent,2024-12-14,,2024-11-29T15:15:00Z
inv-178,INV-2024-178,Vivian Ann Burke,vivian.burke@outlook.com,789.25,overdue,2024-12-02,,2024-11-17T11:45:00Z
inv-179,INV-2024-179,Felix Gene Hanson,felix.hanson@gmail.com,6234.00,sent,2024-12-25,,2024-12-10T10:00:00Z
inv-180,INV-2024-180,Pearl Sue Schmidt,pearl.schmidt@email.com,456.75,paid,2024-11-19,2024-11-18T14:30:00Z,2024-11-04T12:00:00Z
inv-181,INV-2024-181,Willard Lee Rice,willard.rice@outlook.com,3456.50,sent,2024-12-22,,2024-12-07T08:30:00Z
inv-182,INV-2024-182,Beulah Kay Garrett,beulah.garrett@gmail.com,654.00,overdue,2024-11-23,,2024-11-08T16:00:00Z
inv-183,INV-2024-183,Marshall Paul Berry,marshall.berry@email.com,8123.00,sent,2024-12-27,,2024-12-12T14:45:00Z
inv-184,INV-2024-184,Lorraine Ann Lane,lorraine.lane@outlook.com,234.50,paid,2024-11-14,2024-11-13T09:15:00Z,2024-10-30T10:30:00Z
inv-185,INV-2024-185,Perry Wayne Daniels,perry.daniels@gmail.com,2678.00,sent,2024-12-20,,2024-12-05T11:00:00Z
inv-186,INV-2024-186,Lena Sue Clayton,lena.clayton@email.com,789.75,overdue,2024-11-30,,2024-11-15T13:30:00Z
inv-187,INV-2024-187,Hugh Gene Walsh,hugh.walsh@outlook.com,5890.00,sent,2024-12-28,,2024-12-13T09:45:00Z
inv-188,INV-2024-188,Opal Marie Watts,opal.watts@gmail.com,345.25,paid,2024-11-16,2024-11-15T15:00:00Z,2024-11-01T11:15:00Z
inv-189,INV-2024-189,Duane Lee Mendoza,duane.mendoza@email.com,1890.50,sent,2024-12-17,,2024-12-02T14:00:00Z
inv-190,INV-2024-190,Naomi Kay Bates,naomi.bates@outlook.com,567.00,overdue,2024-12-04,,2024-11-19T10:15:00Z
inv-191,INV-2024-191,Ivan Ray Chandler,ivan.chandler@gmail.com,4567.00,sent,2024-12-24,,2024-12-09T12:30:00Z
inv-192,INV-2024-192,Edith Ann Hale,edith.hale@email.com,876.50,paid,2024-11-20,2024-11-19T16:45:00Z,2024-11-05T08:00:00Z
inv-193,INV-2024-193,Luther Paul Salazar,luther.salazar@outlook.com,7234.00,sent,2024-12-29,,2024-12-14T10:00:00Z
inv-194,INV-2024-194,Mattie Sue Reyes,mattie.reyes@gmail.com,432.00,overdue,2024-12-07,,2024-11-22T15:30:00Z
inv-195,INV-2024-195,Roland Wayne Castillo,roland.castillo@email.com,2123.75,sent,2024-12-21,,2024-12-06T09:15:00Z
inv-196,INV-2024-196,Inez Louise Patel,inez.patel@outlook.com,789.00,paid,2024-11-12,2024-11-11T11:00:00Z,2024-10-28T14:45:00Z
inv-197,INV-2024-197,Otis Gene Davidson,otis.davidson@gmail.com,5678.50,sent,2024-12-26,,2024-12-11T15:45:00Z
inv-198,INV-2024-198,Flora Kay Bass,flora.bass@email.com,234.75,overdue,2024-11-27,,2024-11-12T09:30:00Z
inv-199,INV-2024-199,Irving Lee Schultz,irving.schultz@outlook.com,1678.00,sent,2024-12-18,,2024-12-03T11:15:00Z
inv-200,INV-2024-200,Hattie Ann Barnett,hattie.barnett@gmail.com,567.25,paid,2024-11-17,2024-11-16T14:00:00Z,2024-11-02T10:30:00Z
inv-201,INV-2024-201,Morris Ray Dawson,morris.dawson@email.com,3890.00,sent,2024-12-23,,2024-12-08T08:45:00Z
inv-202,INV-2024-202,Fannie Sue Zimmerman,fannie.zimmerman@outlook.com,876.00,overdue,2024-12-01,,2024-11-16T16:00:00Z
inv-203,INV-2024-203,Elbert Paul Norman,elbert.norman@gmail.com,6567.00,sent,2024-12-27,,2024-12-12T10:30:00Z
inv-204,INV-2024-204,Ada Marie Sutton,ada.sutton@email.com,345.50,paid,2024-11-19,2024-11-18T09:00:00Z,2024-11-04T13:15:00Z
inv-205,INV-2024-205,Nelson Wayne Oliver,nelson.oliver@outlook.com,2456.00,sent,2024-12-20,,2024-12-05T15:00:00Z
inv-206,INV-2024-206,Mamie Kay Lamb,mamie.lamb@gmail.com,789.25,overdue,2024-11-24,,2024-11-09T11:45:00Z
inv-207,INV-2024-207,Rufus Gene Powers,rufus.powers@email.com,8234.50,sent,2024-12-29,,2024-12-14T08:00:00Z
inv-208,INV-2024-208,Lula Ann Chen,lula.chen@outlook.com,456.00,paid,2024-11-21,2024-11-20T12:15:00Z,2024-11-06T15:30:00Z
inv-209,INV-2024-209,Grady Lee Horton,grady.horton@gmail.com,1789.00,sent,2024-12-15,,2024-11-30T10:45:00Z
inv-210,INV-2024-210,Della Sue Nguyen,della.nguyen@email.com,654.50,overdue,2024-11-29,,2024-11-14T14:00:00Z
inv-211,INV-2024-211,Edmund Paul Wolfe,ed.wolfe@outlook.com,5123.00,sent,2024-12-25,,2024-12-10T12:00:00Z
inv-212,INV-2024-212,Cora Marie Wade,cora.wade@gmail.com,234.25,paid,2024-11-13,2024-11-12T16:30:00Z,2024-10-29T09:15:00Z
inv-213,INV-2024-213,Victor Ray Mann,victor.mann@email.com,2890.00,sent,2024-12-21,,2024-12-06T14:15:00Z
inv-214,INV-2024-214,Nettie Kay Lindsey,nettie.lindsey@outlook.com,789.00,overdue,2024-12-05,,2024-11-20T10:30:00Z
inv-215,INV-2024-215,Horace Gene Burke,horace.burke@gmail.com,6890.00,sent,2024-12-28,,2024-12-13T11:45:00Z
inv-216,INV-2024-216,Ollie Ann Osborne,ollie.osborne@email.com,345.00,paid,2024-11-15,2024-11-14T13:00:00Z,2024-10-31T08:00:00Z
inv-217,INV-2024-217,Dewey Lee Frazier,dewey.frazier@outlook.com,1567.50,sent,2024-12-17,,2024-12-02T09:30:00Z
inv-218,INV-2024-218,Ola Sue Rowe,ola.rowe@gmail.com,567.75,overdue,2024-11-26,,2024-11-11T15:45:00Z
inv-219,INV-2024-219,Grover Paul McCoy,grover.mccoy@email.com,4234.00,sent,2024-12-24,,2024-12-09T10:00:00Z
inv-220,INV-2024-220,Essie Marie McCarthy,essie.mccarthy@outlook.com,876.25,paid,2024-11-18,2024-11-17T11:30:00Z,2024-11-03T14:00:00Z
inv-221,INV-2024-221,Monroe Ray Glover,monroe.glover@gmail.com,7567.00,sent,2024-12-29,,2024-12-14T13:15:00Z
inv-222,INV-2024-222,Sallie Kay Bowen,sallie.bowen@email.com,432.50,overdue,2024-11-22,,2024-11-07T09:45:00Z
inv-223,INV-2024-223,Willis Gene Sharp,willis.sharp@outlook.com,2567.75,sent,2024-12-22,,2024-12-07T15:00:00Z
inv-224,INV-2024-224,Lottie Ann Harper,lottie.harper@gmail.com,789.50,paid,2024-11-19,2024-11-18T14:45:00Z,2024-11-04T11:00:00Z
inv-225,INV-2024-225,Sylvester Lee Vargas,sylvester.vargas@email.com,5890.00,sent,2024-12-26,,2024-12-11T08:30:00Z
inv-226,INV-2024-226,Mittie Sue Blake,mittie.blake@outlook.com,234.00,overdue,2024-12-08,,2024-11-23T16:00:00Z
inv-227,INV-2024-227,Nathan Paul Quinn,nathan.quinn@gmail.com,1890.00,sent,2024-12-18,,2024-12-03T10:15:00Z
inv-228,INV-2024-228,Roxie Marie Bishop,roxie.bishop@email.com,567.00,paid,2024-11-20,2024-11-19T09:30:00Z,2024-11-05T14:30:00Z
inv-229,INV-2024-229,Oliver Wayne Joseph,oliver.joseph@outlook.com,3567.00,sent,2024-12-23,,2024-12-08T12:45:00Z
inv-230,INV-2024-230,Nannie Kay Weiss,nannie.weiss@gmail.com,876.00,overdue,2024-12-02,,2024-11-17T11:00:00Z
inv-231,INV-2024-231,Augustus Gene Klein,gus.klein@email.com,6234.50,sent,2024-12-27,,2024-12-12T14:30:00Z
inv-232,INV-2024-232,Effie Ann Saunders,effie.saunders@outlook.com,345.25,paid,2024-11-14,2024-11-13T15:15:00Z,2024-10-30T09:45:00Z
inv-233,INV-2024-233,Cleveland Lee French,cleve.french@gmail.com,2234.00,sent,2024-12-20,,2024-12-05T08:00:00Z
inv-234,INV-2024-234,Callie Sue Pratt,callie.pratt@email.com,789.75,overdue,2024-11-30,,2024-11-15T13:30:00Z
inv-235,INV-2024-235,Cornelius Paul Abbott,neal.abbott@outlook.com,8567.00,sent,2024-12-29,,2024-12-14T10:45:00Z
inv-236,INV-2024-236,Nora Marie Poole,nora.poole@gmail.com,456.50,paid,2024-11-16,2024-11-15T11:00:00Z,2024-11-01T15:15:00Z
inv-237,INV-2024-237,Silas Wayne Marsh,silas.marsh@email.com,1678.25,sent,2024-12-15,,2024-11-30T14:00:00Z
inv-238,INV-2024-238,Dovie Kay Cain,dovie.cain@outlook.com,654.25,overdue,2024-11-25,,2024-11-10T10:15:00Z
inv-239,INV-2024-239,Roscoe Gene Brock,roscoe.brock@gmail.com,5678.00,sent,2024-12-26,,2024-12-11T12:30:00Z
inv-240,INV-2024-240,Eula Ann Love,eula.love@email.com,234.50,paid,2024-11-17,2024-11-16T16:45:00Z,2024-11-02T08:30:00Z
inv-241,INV-2024-241,Sherman Lee Curry,sherman.curry@outlook.com,2890.75,sent,2024-12-21,,2024-12-06T09:00:00Z
inv-242,INV-2024-242,Winnie Sue Davidson,winnie.davidson@gmail.com,789.00,overdue,2024-12-06,,2024-11-21T15:30:00Z
inv-243,INV-2024-243,Ambrose Paul Golden,ambrose.golden@email.com,4890.00,sent,2024-12-24,,2024-12-09T11:15:00Z
inv-244,INV-2024-244,Lela Marie Moody,lela.moody@outlook.com,345.75,paid,2024-11-19,2024-11-18T10:00:00Z,2024-11-04T13:45:00Z
inv-245,INV-2024-245,Jasper Ray Koch,jasper.koch@gmail.com,7123.00,sent,2024-12-28,,2024-12-13T15:00:00Z
inv-246,INV-2024-246,Olga Kay Bond,olga.bond@email.com,567.25,overdue,2024-11-28,,2024-11-13T11:30:00Z
inv-247,INV-2024-247,Virgil Gene Carr,virgil.carr@outlook.com,1890.00,sent,2024-12-18,,2024-12-03T08:45:00Z
inv-248,INV-2024-248,Etta Ann Underwood,etta.underwood@gmail.com,876.50,paid,2024-11-20,2024-11-19T14:15:00Z,2024-11-05T10:00:00Z
inv-249,INV-2024-249,Lonnie Lee Hicks,lonnie.hicks@email.com,3234.00,sent,2024-12-22,,2024-12-07T12:00:00Z
inv-250,INV-2024-250,Iva Sue Duffy,iva.duffy@outlook.com,654.75,overdue,2024-12-03,,2024-11-18T16:30:00Z
inv-251,INV-2024-251,John David Smith,john.smith2@email.com,450.00,sent,2024-12-16,,2024-12-01T09:00:00Z
inv-252,INV-2024-252,Robert Lee Anderson,robert.anderson2@email.com,725.00,sent,2024-12-14,,2024-11-29T11:30:00Z
inv-253,INV-2024-253,James Patrick Harris,james.harris2@outlook.com,432.75,sent,2024-12-19,,2024-12-04T14:00:00Z
inv-254,INV-2024-254,William Scott Jackson,will.jackson2@gmail.com,299.00,sent,2024-12-17,,2024-12-02T10:30:00Z
inv-255,INV-2024-255,Michael Robert Williams,m.williams2@outlook.com,875.50,sent,2024-12-15,,2024-11-30T13:45:00Z
inv-256,INV-2024-256,Christopher James Brown,chris.brown2@gmail.com,567.25,sent,2024-12-20,,2024-12-05T08:15:00Z
inv-257,INV-2024-257,David Allen Martinez,david.martinez2@outlook.com,189.99,sent,2024-12-13,,2024-11-28T15:00:00Z
inv-258,INV-2024-258,Daniel Ray Thompson,dan.thompson2@email.com,2890.00,sent,2024-12-21,,2024-12-06T10:45:00Z
inv-259,INV-2024-259,Joseph Mark Clark,joe.clark2@outlook.com,1567.00,sent,2024-12-18,,2024-12-03T09:15:00Z
inv-260,INV-2024-260,Thomas Wayne Robinson,tom.robinson2@email.com,4125.00,sent,2024-12-24,,2024-12-09T14:30:00Z
inv-261,INV-2024-261,Charles Edward Hall,chuck.hall2@gmail.com,1890.75,sent,2024-12-16,,2024-12-01T11:00:00Z
inv-262,INV-2024-262,Kenneth Ray Baker,ken.baker2@outlook.com,3456.00,sent,2024-12-22,,2024-12-07T13:15:00Z
inv-263,INV-2024-263,Steven Paul Young,steve.young2@outlook.com,6750.00,sent,2024-12-28,,2024-12-13T08:30:00Z
inv-264,INV-2024-264,Ronald Gene Green,ron.green2@gmail.com,1234.00,sent,2024-12-25,,2024-12-10T15:45:00Z
inv-265,INV-2024-265,Donald Ray Wright,don.wright2@email.com,2345.00,sent,2024-12-19,,2024-12-04T10:00:00Z
inv-266,INV-2024-266,Edward James Perez,ed.perez2@gmail.com,1678.00,sent,2024-12-23,,2024-12-08T12:30:00Z
inv-267,INV-2024-267,Brian Lee Turner,brian.turner2@outlook.com,4560.00,sent,2024-12-27,,2024-12-12T09:45:00Z
inv-268,INV-2024-268,Kevin Michael Phillips,kevin.phillips2@email.com,345.00,sent,2024-12-14,,2024-11-29T14:15:00Z
inv-269,INV-2024-269,Jason Robert Parker,jason.parker2@gmail.com,678.50,sent,2024-12-17,,2024-12-02T11:30:00Z
inv-270,INV-2024-270,Jeffrey Scott Edwards,jeff.edwards2@outlook.com,189.00,sent,2024-12-12,,2024-11-27T08:45:00Z
inv-271,INV-2024-271,Gregory Paul Stewart,greg.stewart2@email.com,876.25,sent,2024-12-20,,2024-12-05T13:00:00Z
inv-272,INV-2024-272,Raymond Charles Reed,ray.reed2@outlook.com,543.75,sent,2024-12-18,,2024-12-03T10:15:00Z
inv-273,INV-2024-273,Gary Wayne Sullivan,gary.sullivan2@email.com,5234.00,sent,2024-12-26,,2024-12-11T15:30:00Z
inv-274,INV-2024-274,Frank Joseph Morris,frank.morris2@gmail.com,234.50,sent,2024-12-15,,2024-11-30T08:00:00Z
inv-275,INV-2024-275,Roger Dale Jenkins,roger.jenkins2@gmail.com,2456.00,sent,2024-12-21,,2024-12-06T11:45:00Z
inv-276,INV-2024-276,Jerry Lee Brooks,jerry.brooks@outlook.com,1890.75,sent,2024-12-19,,2024-12-04T14:00:00Z
inv-277,INV-2024-277,Carl David Sanders,carl.sanders2@email.com,1567.00,sent,2024-12-23,,2024-12-08T09:30:00Z
inv-278,INV-2024-278,Terry Lee Powell,terry.powell2@outlook.com,4567.00,sent,2024-12-27,,2024-12-12T10:45:00Z
inv-279,INV-2024-279,Larry Wayne Barnes,larry.barnes2@outlook.com,1890.75,sent,2024-12-17,,2024-12-02T15:00:00Z
inv-280,INV-2024-280,Peter James Diaz,pete.diaz2@email.com,1890.00,sent,2024-12-24,,2024-12-09T08:15:00Z
inv-281,INV-2024-281,Henry David Morgan,henry.morgan2@email.com,456.00,sent,2024-12-14,,2024-11-29T11:30:00Z
inv-282,INV-2024-282,Walter James Murphy,walt.murphy2@gmail.com,2678.00,sent,2024-12-22,,2024-12-07T13:45:00Z
inv-283,INV-2024-283,Arthur James Patterson,art.patterson2@email.com,1234.50,sent,2024-12-16,,2024-12-01T10:00:00Z
inv-284,INV-2024-284,Willie Ray Richardson,willie.richardson2@email.com,1456.00,sent,2024-12-20,,2024-12-05T14:15:00Z
inv-285,INV-2024-285,Russell Wayne Howard,russ.howard2@gmail.com,4321.00,sent,2024-12-26,,2024-12-11T09:30:00Z
inv-286,INV-2024-286,Eugene Patrick Torres,gene.torres2@outlook.com,1789.50,sent,2024-12-18,,2024-12-03T11:45:00Z
inv-287,INV-2024-287,Ralph Edward Gray,ralph.gray2@email.com,5678.00,sent,2024-12-28,,2024-12-13T08:00:00Z
inv-288,INV-2024-288,Roy Alan James,roy.james2@gmail.com,2134.00,sent,2024-12-23,,2024-12-08T14:30:00Z
inv-289,INV-2024-289,Louis Gene Brooks,lou.brooks2@outlook.com,6543.50,sent,2024-12-27,,2024-12-12T10:15:00Z
inv-290,INV-2024-290,Martin Paul Russell,marty.russell2@outlook.com,4123.00,sent,2024-12-25,,2024-12-10T12:00:00Z
inv-291,INV-2024-291,Harold Gene Myers,harold.myers2@gmail.com,6789.00,sent,2024-12-29,,2024-12-14T15:15:00Z
inv-292,INV-2024-292,Douglas Ray Hamilton,doug.hamilton2@outlook.com,2345.50,sent,2024-12-21,,2024-12-06T09:45:00Z
inv-293,INV-2024-293,Philip Ray Tucker,phil.tucker2@gmail.com,6234.00,sent,2024-12-28,,2024-12-13T11:00:00Z
inv-294,INV-2024-294,Benjamin Allen Holmes,ben.holmes2@email.com,3890.00,sent,2024-12-24,,2024-12-09T13:30:00Z
inv-295,INV-2024-295,Victor Ray Warren,vic.warren2@gmail.com,7567.00,sent,2024-12-30,,2024-12-15T08:45:00Z
inv-296,INV-2024-296,Howard Paul Cruz,howard.cruz2@email.com,2567.75,sent,2024-12-22,,2024-12-07T14:00:00Z
inv-297,INV-2024-297,Aaron James Hicks,aaron.hicks2@outlook.com,1456.50,sent,2024-12-19,,2024-12-04T10:30:00Z
inv-298,INV-2024-298,Albert Lee Rivera,al.rivera2@outlook.com,8765.00,sent,2024-12-29,,2024-12-14T12:45:00Z
inv-299,INV-2024-299,Fred Charles Reynolds,fred.reynolds2@email.com,9123.50,sent,2024-12-30,,2024-12-15T09:00:00Z
inv-300,INV-2024-300,Jack William Butler,jack.butler2@outlook.com,2678.75,sent,2024-12-23,,2024-12-08T15:30:00Z
inv-301,INV-2024-301,George William Carter,george.carter2@email.com,9870.50,sent,2024-12-28,,2024-12-13T10:15:00Z
inv-302,INV-2024-302,Bobby Ray Foster,bob.foster2@email.com,8234.00,sent,2024-12-27,,2024-12-12T14:30:00Z
inv-303,INV-2024-303,Johnny Lee Bryant,johnny.bryant2@gmail.com,1567.50,sent,2024-12-16,,2024-12-01T11:00:00Z
inv-304,INV-2024-304,Billy Joe Bennett,billy.bennett2@gmail.com,3890.00,sent,2024-12-25,,2024-12-10T13:15:00Z
inv-305,INV-2024-305,Gerald Ray Henderson,jerry.henderson2@email.com,7234.00,sent,2024-12-30,,2024-12-15T08:30:00Z
inv-306,INV-2024-306,Wayne Robert Flores,wayne.flores2@gmail.com,5890.00,sent,2024-12-29,,2024-12-14T10:45:00Z
inv-307,INV-2024-307,Randy Lee Gibson,randy.gibson2@outlook.com,4890.00,sent,2024-12-26,,2024-12-11T12:00:00Z
inv-308,INV-2024-308,Jesse Wayne Ellis,jesse.ellis2@gmail.com,1789.00,sent,2024-12-18,,2024-12-03T14:15:00Z
inv-309,INV-2024-309,Norman Gene Simpson,norm.simpson2@outlook.com,1890.25,sent,2024-12-17,,2024-12-02T09:30:00Z
inv-310,INV-2024-310,Clarence Paul Freeman,clarence.freeman2@email.com,4321.75,sent,2024-12-24,,2024-12-09T11:45:00Z
inv-311,INV-2024-311,Leonard Paul Hudson,len.hudson2@gmail.com,5567.00,sent,2024-12-27,,2024-12-12T08:00:00Z
inv-312,INV-2024-312,Bernard Lee Shaw,bernie.shaw2@outlook.com,8567.50,sent,2024-12-30,,2024-12-15T13:30:00Z
inv-313,INV-2024-313,Oscar Ray Ferguson,oscar.ferguson2@gmail.com,5234.00,sent,2024-12-25,,2024-12-10T10:45:00Z
inv-314,INV-2024-314,Elmer Wayne Watkins,elmer.watkins2@outlook.com,2789.00,sent,2024-12-22,,2024-12-07T14:00:00Z
inv-315,INV-2024-315,Herbert James Snyder,herb.snyder2@gmail.com,1678.50,sent,2024-12-19,,2024-12-04T09:15:00Z
inv-316,INV-2024-316,Chester Ray Arnold,chet.arnold2@outlook.com,6890.00,sent,2024-12-28,,2024-12-13T11:30:00Z
inv-317,INV-2024-317,Floyd Wayne Carpenter,floyd.carpenter2@outlook.com,8123.50,sent,2024-12-29,,2024-12-14T08:45:00Z
inv-318,INV-2024-318,Leon Ray Cunningham,leon.cunningham2@email.com,1567.25,sent,2024-12-16,,2024-12-01T14:00:00Z
inv-319,INV-2024-319,Leroy Allen Franklin,leroy.franklin2@outlook.com,2890.00,sent,2024-12-23,,2024-12-08T10:15:00Z
inv-320,INV-2024-320,Clifford Wayne Gordon,cliff.gordon2@email.com,7234.50,sent,2024-12-28,,2024-12-13T15:30:00Z
inv-321,INV-2024-321,Harvey Gene Hunt,harvey.hunt2@email.com,6123.00,sent,2024-12-27,,2024-12-12T09:45:00Z
inv-322,INV-2024-322,Glenn Ray Romero,glenn.romero2@gmail.com,2456.75,sent,2024-12-24,,2024-12-09T12:00:00Z
inv-323,INV-2024-323,Earl David Sanders,earl.sanders2@gmail.com,8567.00,sent,2024-12-30,,2024-12-15T10:15:00Z
inv-324,INV-2024-324,Allen Ray Austin,allen.austin2@outlook.com,2234.00,sent,2024-12-21,,2024-12-06T13:30:00Z
inv-325,INV-2024-325,Melvin Wayne Dunn,mel.dunn2@email.com,5123.00,sent,2024-12-26,,2024-12-11T08:45:00Z
inv-326,INV-2024-326,Milton Gene Weaver,milt.weaver2@email.com,2789.75,sent,2024-12-25,,2024-12-10T11:00:00Z
inv-327,INV-2024-327,Vernon Ray Gibbs,vern.gibbs2@gmail.com,1890.00,sent,2024-12-20,,2024-12-05T14:15:00Z
inv-328,INV-2024-328,Dale Paul Wheeler,dale.wheeler2@outlook.com,4567.25,sent,2024-12-26,,2024-12-11T10:30:00Z
inv-329,INV-2024-329,Felix Gene Hanson,felix.hanson2@gmail.com,6234.00,sent,2024-12-27,,2024-12-12T12:45:00Z
inv-330,INV-2024-330,Willard Lee Rice,willard.rice2@outlook.com,3456.50,sent,2024-12-24,,2024-12-09T15:00:00Z
inv-331,INV-2024-331,Gordon Wayne Fox,gordon.fox2@outlook.com,5567.75,sent,2024-12-28,,2024-12-13T09:15:00Z
inv-332,INV-2024-332,Sidney Ray Maxwell,sid.maxwell2@email.com,1567.00,sent,2024-12-16,,2024-12-01T11:30:00Z
inv-333,INV-2024-333,Edmund Paul Wolfe,ed.wolfe2@outlook.com,5123.00,sent,2024-12-27,,2024-12-12T13:45:00Z
inv-334,INV-2024-334,Dewey Lee Frazier,dewey.frazier2@outlook.com,1567.50,sent,2024-12-19,,2024-12-04T08:00:00Z
inv-335,INV-2024-335,Grady Lee Horton,grady.horton2@gmail.com,1789.00,sent,2024-12-17,,2024-12-02T10:15:00Z
inv-336,INV-2024-336,Lonnie Lee Hicks,lonnie.hicks2@email.com,3234.00,sent,2024-12-24,,2024-12-09T12:30:00Z
inv-337,INV-2024-337,Ernest Paul Webb,ernie.webb2@email.com,7890.00,sent,2024-12-30,,2024-12-15T14:45:00Z
inv-338,INV-2024-338,Alvin Lee Meyer,alvin.meyer2@gmail.com,2345.00,sent,2024-12-21,,2024-12-06T09:00:00Z
inv-339,INV-2024-339,Duane Lee Mendoza,duane.mendoza2@email.com,1890.50,sent,2024-12-19,,2024-12-04T11:15:00Z
inv-340,INV-2024-340,Ivan Ray Chandler,ivan.chandler2@gmail.com,4567.00,sent,2024-12-26,,2024-12-11T13:30:00Z
inv-341,INV-2024-341,Luther Paul Salazar,luther.salazar2@outlook.com,7234.00,sent,2024-12-30,,2024-12-15T08:45:00Z
inv-342,INV-2024-342,Irving Lee Schultz,irving.schultz2@outlook.com,1678.00,sent,2024-12-20,,2024-12-05T10:00:00Z
inv-343,INV-2024-343,Morris Ray Dawson,morris.dawson2@email.com,3890.00,sent,2024-12-25,,2024-12-10T12:15:00Z
inv-344,INV-2024-344,Elbert Paul Norman,elbert.norman2@gmail.com,6567.00,sent,2024-12-28,,2024-12-13T14:30:00Z
inv-345,INV-2024-345,Nelson Wayne Oliver,nelson.oliver2@outlook.com,2456.00,sent,2024-12-22,,2024-12-07T09:45:00Z
inv-346,INV-2024-346,Rufus Gene Powers,rufus.powers2@email.com,8234.50,sent,2024-12-30,,2024-12-15T11:00:00Z
inv-347,INV-2024-347,Horace Gene Burke,horace.burke2@gmail.com,6890.00,sent,2024-12-29,,2024-12-14T13:15:00Z
inv-348,INV-2024-348,Grover Paul McCoy,grover.mccoy2@email.com,4234.00,sent,2024-12-26,,2024-12-11T15:30:00Z
inv-349,INV-2024-349,Monroe Ray Glover,monroe.glover2@gmail.com,7567.00,sent,2024-12-30,,2024-12-15T10:45:00Z
inv-350,INV-2024-350,Willis Gene Sharp,willis.sharp2@outlook.com,2567.75,sent,2024-12-24,,2024-12-09T12:00:00Z
inv-351,INV-2024-351,Sylvester Lee Vargas,sylvester.vargas2@email.com,5890.00,sent,2024-12-28,,2024-12-13T08:15:00Z
inv-352,INV-2024-352,Nathan Paul Quinn,nathan.quinn2@gmail.com,1890.00,sent,2024-12-20,,2024-12-05T10:30:00Z
inv-353,INV-2024-353,Oliver Wayne Joseph,oliver.joseph2@outlook.com,3567.00,sent,2024-12-25,,2024-12-10T12:45:00Z
inv-354,INV-2024-354,Augustus Gene Klein,gus.klein2@email.com,6234.50,sent,2024-12-28,,2024-12-13T15:00:00Z
inv-355,INV-2024-355,Cleveland Lee French,cleve.french2@gmail.com,2234.00,sent,2024-12-22,,2024-12-07T09:15:00Z
inv-356,INV-2024-356,Cornelius Paul Abbott,neal.abbott2@outlook.com,8567.00,sent,2024-12-30,,2024-12-15T11:30:00Z
inv-357,INV-2024-357,Silas Wayne Marsh,silas.marsh2@email.com,1678.25,sent,2024-12-17,,2024-12-02T13:45:00Z
inv-358,INV-2024-358,Roscoe Gene Brock,roscoe.brock2@gmail.com,5678.00,sent,2024-12-27,,2024-12-12T08:00:00Z
inv-359,INV-2024-359,Sherman Lee Curry,sherman.curry2@outlook.com,2890.75,sent,2024-12-23,,2024-12-08T10:15:00Z
inv-360,INV-2024-360,Ambrose Paul Golden,ambrose.golden2@email.com,4890.00,sent,2024-12-26,,2024-12-11T12:30:00Z
inv-361,INV-2024-361,Jasper Ray Koch,jasper.koch2@gmail.com,7123.00,sent,2024-12-29,,2024-12-14T14:45:00Z
inv-362,INV-2024-362,Virgil Gene Carr,virgil.carr2@outlook.com,1890.00,sent,2024-12-20,,2024-12-05T09:00:00Z
inv-363,INV-2024-363,Marshall Paul Berry,marshall.berry2@email.com,8123.00,sent,2024-12-28,,2024-12-13T11:15:00Z
inv-364,INV-2024-364,Perry Wayne Daniels,perry.daniels2@gmail.com,2678.00,sent,2024-12-22,,2024-12-07T13:30:00Z
inv-365,INV-2024-365,Hugh Gene Walsh,hugh.walsh2@outlook.com,5890.00,sent,2024-12-29,,2024-12-14T08:45:00Z
inv-366,INV-2024-366,Roland Wayne Castillo,roland.castillo2@email.com,2123.75,sent,2024-12-23,,2024-12-08T11:00:00Z
inv-367,INV-2024-367,Otis Gene Davidson,otis.davidson2@gmail.com,5678.50,sent,2024-12-27,,2024-12-12T13:15:00Z
inv-368,INV-2024-368,Victor Ray Mann,victor.mann2@email.com,2890.00,sent,2024-12-23,,2024-12-08T15:30:00Z
inv-369,INV-2024-369,Jennifer Ann Garcia,jen.garcia2@gmail.com,4500.00,sent,2024-12-25,,2024-12-10T09:45:00Z
inv-370,INV-2024-370,Michelle Kate Thomas,michelle.thomas2@outlook.com,1875.50,sent,2024-12-18,,2024-12-03T12:00:00Z
inv-371,INV-2024-371,Elizabeth Jane White,liz.white2@email.com,5600.00,sent,2024-12-30,,2024-12-15T14:15:00Z
inv-372,INV-2024-372,Patricia Sue Martin,pat.martin2@gmail.com,1100.00,sent,2024-12-15,,2024-11-30T08:30:00Z
inv-373,INV-2024-373,Linda Carol Moore,linda.moore2@outlook.com,675.00,sent,2024-12-21,,2024-12-06T10:45:00Z
inv-374,INV-2024-374,Barbara Jean Lee,barb.lee2@email.com,345.50,sent,2024-12-14,,2024-11-29T13:00:00Z
inv-375,INV-2024-375,Susan Kay Lewis,susan.lewis2@gmail.com,923.25,sent,2024-12-17,,2024-12-02T15:15:00Z
inv-376,INV-2024-376,Nancy Lou Walker,nancy.walker2@outlook.com,287.00,sent,2024-12-12,,2024-11-27T09:30:00Z
inv-377,INV-2024-377,Karen Sue Allen,karen.allen2@email.com,534.00,sent,2024-12-16,,2024-12-01T11:45:00Z
inv-378,INV-2024-378,Betty Jo King,betty.king2@gmail.com,198.50,sent,2024-12-24,,2024-12-09T14:00:00Z
inv-379,INV-2024-379,Dorothy Mae Scott,dorothy.scott2@outlook.com,789.25,sent,2024-12-19,,2024-12-04T08:15:00Z
inv-380,INV-2024-380,Sandra Lee Adams,sandy.adams2@email.com,456.75,sent,2024-12-18,,2024-12-03T10:30:00Z
inv-381,INV-2024-381,Ashley Nicole Nelson,ashley.nelson2@gmail.com,567.00,sent,2024-12-14,,2024-11-29T12:45:00Z
inv-382,INV-2024-382,Margaret Ann Mitchell,maggie.mitchell2@outlook.com,234.25,sent,2024-12-16,,2024-12-01T15:00:00Z
inv-383,INV-2024-383,Ruth Ellen Roberts,ruth.roberts2@email.com,892.50,sent,2024-12-20,,2024-12-05T09:15:00Z
inv-384,INV-2024-384,Sharon Kay Sanchez,sharon.sanchez2@outlook.com,7890.00,sent,2024-12-30,,2024-12-15T11:30:00Z
inv-385,INV-2024-385,Deborah Lynn Rogers,deb.rogers2@email.com,1987.00,sent,2024-12-15,,2024-11-30T13:45:00Z
inv-386,INV-2024-386,Cynthia Marie Cook,cindy.cook2@gmail.com,3210.00,sent,2024-12-24,,2024-12-09T08:00:00Z
inv-387,INV-2024-387,Angela Rose Bell,angela.bell2@outlook.com,1123.50,sent,2024-12-16,,2024-12-01T10:15:00Z
inv-388,INV-2024-388,Brenda Sue Bailey,brenda.bailey2@email.com,389.25,sent,2024-12-19,,2024-12-04T12:30:00Z
inv-389,INV-2024-389,Pamela Jean Cooper,pam.cooper2@gmail.com,567.50,sent,2024-12-23,,2024-12-08T14:45:00Z
inv-390,INV-2024-390,Virginia Carol Cox,ginny.cox2@outlook.com,923.75,sent,2024-12-14,,2024-11-29T09:00:00Z
inv-391,INV-2024-391,Katherine Ann Ward,kate.ward2@email.com,278.00,sent,2024-12-12,,2024-11-27T11:15:00Z
inv-392,INV-2024-392,Diane Louise Peterson,diane.peterson2@gmail.com,654.25,sent,2024-12-20,,2024-12-05T13:30:00Z
inv-393,INV-2024-393,Joyce Marie Ramirez,joyce.ramirez2@outlook.com,345.75,sent,2024-12-17,,2024-12-02T15:45:00Z
inv-394,INV-2024-394,Judith Kay Watson,judy.watson2@email.com,789.00,sent,2024-12-18,,2024-12-03T08:00:00Z
inv-395,INV-2024-395,Theresa Ann Kelly,terry.kelly2@gmail.com,432.25,sent,2024-12-20,,2024-12-05T10:15:00Z
inv-396,INV-2024-396,Cheryl Lynn Price,cheryl.price2@outlook.com,876.50,sent,2024-12-17,,2024-12-02T12:30:00Z
inv-397,INV-2024-397,Joan Marie Wood,joan.wood2@email.com,234.00,sent,2024-12-14,,2024-11-29T14:45:00Z
inv-398,INV-2024-398,Anna Maria Ross,anna.ross2@gmail.com,567.25,sent,2024-12-21,,2024-12-06T09:00:00Z
inv-399,INV-2024-399,Kathryn Sue Coleman,kathy.coleman2@outlook.com,345.50,sent,2024-12-22,,2024-12-07T11:15:00Z
inv-400,INV-2024-400,Alice Mae Perry,alice.perry2@email.com,789.75,sent,2024-12-15,,2024-11-30T13:30:00Z
inv-401,INV-2024-401,Jean Carol Long,jean.long2@gmail.com,198.25,sent,2024-12-12,,2024-11-27T15:45:00Z
inv-402,INV-2024-402,Gloria Ann Hughes,gloria.hughes2@outlook.com,876.00,sent,2024-12-21,,2024-12-06T10:00:00Z
inv-403,INV-2024-403,Marie Louise Washington,marie.washington2@email.com,432.50,sent,2024-12-18,,2024-12-03T12:15:00Z
inv-404,INV-2024-404,Frances Kay Simmons,fran.simmons2@gmail.com,567.00,sent,2024-12-16,,2024-12-01T14:30:00Z
inv-405,INV-2024-405,Teresa Marie Gonzales,teresa.gonzales2@outlook.com,345.25,sent,2024-12-21,,2024-12-06T08:45:00Z
inv-406,INV-2024-406,Sara Jane Alexander,sara.alexander2@email.com,789.00,sent,2024-12-18,,2024-12-03T11:00:00Z
inv-407,INV-2024-407,Julia Ann Griffin,julia.griffin2@gmail.com,234.75,sent,2024-12-16,,2024-12-01T13:15:00Z
inv-408,INV-2024-408,Lillian Rose Hayes,lily.hayes2@outlook.com,654.50,sent,2024-12-22,,2024-12-07T15:30:00Z
inv-409,INV-2024-409,Anne Marie Ford,anne.ford2@email.com,456.25,sent,2024-12-24,,2024-12-09T09:45:00Z
inv-410,INV-2024-410,Doris Mae Graham,doris.graham2@gmail.com,789.75,sent,2024-12-15,,2024-11-30T12:00:00Z
inv-411,INV-2024-411,Janice Carol Wallace,jan.wallace2@outlook.com,345.00,sent,2024-12-13,,2024-11-28T14:15:00Z
inv-412,INV-2024-412,Marilyn Jean Cole,marilyn.cole2@email.com,1234.00,sent,2024-12-14,,2024-11-29T08:30:00Z
inv-413,INV-2024-413,Andrea Lynn Owens,andrea.owens2@gmail.com,678.25,sent,2024-12-19,,2024-12-04T10:45:00Z
inv-414,INV-2024-414,Janet Sue Fisher,janet.fisher2@outlook.com,432.00,sent,2024-12-18,,2024-12-03T13:00:00Z
inv-415,INV-2024-415,Shirley Ann Harrison,shirley.harrison2@email.com,567.75,sent,2024-12-22,,2024-12-07T15:15:00Z
inv-416,INV-2024-416,Norma Kay McDonald,norma.mcdonald2@gmail.com,234.50,sent,2024-12-19,,2024-12-04T09:30:00Z
inv-417,INV-2024-417,Carolyn Marie Spencer,carolyn.spencer2@outlook.com,876.25,sent,2024-12-15,,2024-11-30T11:45:00Z
inv-418,INV-2024-418,Wanda Lou Hunter,wanda.hunter2@email.com,345.75,sent,2024-12-21,,2024-12-06T14:00:00Z
inv-419,INV-2024-419,Evelyn Sue Crawford,evelyn.crawford2@gmail.com,789.00,sent,2024-12-23,,2024-12-08T08:15:00Z
inv-420,INV-2024-420,Ruby Jean Stone,ruby.stone2@outlook.com,456.50,sent,2024-12-17,,2024-12-02T10:30:00Z
inv-421,INV-2024-421,Thelma Ann Webb,thelma.webb2@email.com,234.25,sent,2024-12-10,,2024-11-25T12:45:00Z
inv-422,INV-2024-422,Louise Kay Stevens,louise.stevens2@gmail.com,567.50,sent,2024-12-20,,2024-12-05T15:00:00Z
inv-423,INV-2024-423,Phyllis Marie Fuller,phyllis.fuller2@outlook.com,678.00,sent,2024-12-20,,2024-12-05T09:15:00Z
inv-424,INV-2024-424,Rose Ann Hart,rose.hart2@email.com,345.25,sent,2024-12-15,,2024-11-30T11:30:00Z
inv-425,INV-2024-425,Irene Louise Kelley,irene.kelley2@gmail.com,789.50,sent,2024-12-16,,2024-12-01T13:45:00Z
inv-426,INV-2024-426,Helen Carol Burns,helen.burns2@outlook.com,432.75,sent,2024-12-15,,2024-11-30T08:00:00Z
inv-427,INV-2024-427,Mildred Sue Day,mildred.day2@email.com,876.00,sent,2024-12-21,,2024-12-06T10:15:00Z
inv-428,INV-2024-428,Lucille Ann Palmer,lucy.palmer2@gmail.com,234.00,sent,2024-12-20,,2024-12-05T12:30:00Z
inv-429,INV-2024-429,Edna Mae Aguilar,edna.aguilar2@outlook.com,567.25,sent,2024-12-13,,2024-11-28T14:45:00Z
inv-430,INV-2024-430,Beatrice Kay Mann,bea.mann2@email.com,789.00,sent,2024-12-17,,2024-12-02T09:00:00Z
inv-431,INV-2024-431,Josephine Ann Black,josie.black2@gmail.com,345.50,sent,2024-12-18,,2024-12-03T11:15:00Z
inv-432,INV-2024-432,Hazel Louise Harvey,hazel.harvey2@outlook.com,654.00,sent,2024-12-22,,2024-12-07T13:30:00Z
inv-433,INV-2024-433,Gertrude Marie Wheeler,gertie.wheeler2@email.com,432.25,sent,2024-12-22,,2024-12-07T15:45:00Z
inv-434,INV-2024-434,Gladys Sue Hart,gladys.hart2@gmail.com,789.75,sent,2024-12-17,,2024-12-02T08:00:00Z
inv-435,INV-2024-435,Bertha Ann Richards,bertha.richards2@outlook.com,234.50,sent,2024-12-14,,2024-11-29T10:15:00Z
inv-436,INV-2024-436,Ethel Mae Newman,ethel.newman2@email.com,567.00,sent,2024-12-19,,2024-12-04T12:30:00Z
inv-437,INV-2024-437,Pauline Kay Mason,pauline.mason2@gmail.com,876.50,sent,2024-12-19,,2024-12-04T14:45:00Z
inv-438,INV-2024-438,Clara Sue Dixon,clara.dixon2@outlook.com,345.00,sent,2024-12-16,,2024-12-01T09:00:00Z
inv-439,INV-2024-439,Stella Ann Gardner,stella.gardner2@email.com,789.25,sent,2024-12-21,,2024-12-06T11:15:00Z
inv-440,INV-2024-440,Myrtle Kay George,myrtle.george2@gmail.com,456.00,sent,2024-12-14,,2024-11-29T13:30:00Z
inv-441,INV-2024-441,Bessie Louise Rose,bessie.rose2@outlook.com,654.75,sent,2024-12-15,,2024-11-30T15:45:00Z
inv-442,INV-2024-442,Marjorie Ann Nichols,margie.nichols2@email.com,345.25,sent,2024-12-18,,2024-12-03T08:00:00Z
inv-443,INV-2024-443,Nellie Sue Burton,nellie.burton2@gmail.com,789.00,sent,2024-12-17,,2024-12-02T10:15:00Z
inv-444,INV-2024-444,Grace Marie Carroll,grace.carroll2@outlook.com,432.50,sent,2024-12-21,,2024-12-06T12:30:00Z
inv-445,INV-2024-445,Ella Kay Weber,ella.weber2@email.com,567.75,sent,2024-12-23,,2024-12-08T14:45:00Z
inv-446,INV-2024-446,Viola Ann Riley,viola.riley2@gmail.com,234.00,sent,2024-12-21,,2024-12-06T09:00:00Z
inv-447,INV-2024-447,Agnes Sue Garrett,agnes.garrett2@outlook.com,876.25,sent,2024-12-12,,2024-11-27T11:15:00Z
inv-448,INV-2024-448,Minnie Kay Olson,minnie.olson2@email.com,678.50,sent,2024-12-18,,2024-12-03T13:30:00Z
inv-449,INV-2024-449,Alma Louise Boyd,alma.boyd2@gmail.com,345.00,sent,2024-12-20,,2024-12-05T15:45:00Z
inv-450,INV-2024-450,Vivian Ann Burke,vivian.burke2@outlook.com,789.25,sent,2024-12-14,,2024-11-29T08:00:00Z
inv-451,INV-2024-451,Pearl Sue Schmidt,pearl.schmidt2@email.com,456.75,sent,2024-12-21,,2024-12-06T10:15:00Z
inv-452,INV-2024-452,Beulah Kay Garrett,beulah.garrett2@gmail.com,654.00,sent,2024-12-16,,2024-12-01T12:30:00Z
inv-453,INV-2024-453,Lorraine Ann Lane,lorraine.lane2@outlook.com,234.50,sent,2024-12-16,,2024-12-01T14:45:00Z
inv-454,INV-2024-454,Lena Sue Clayton,lena.clayton2@email.com,789.75,sent,2024-12-22,,2024-12-07T09:00:00Z
inv-455,INV-2024-455,Opal Marie Watts,opal.watts2@gmail.com,345.25,sent,2024-12-18,,2024-12-03T11:15:00Z
inv-456,INV-2024-456,Naomi Kay Bates,naomi.bates2@outlook.com,567.00,sent,2024-12-17,,2024-12-02T13:30:00Z
inv-457,INV-2024-457,Edith Ann Hale,edith.hale2@email.com,876.50,sent,2024-12-22,,2024-12-07T15:45:00Z
inv-458,INV-2024-458,Mattie Sue Reyes,mattie.reyes2@gmail.com,432.00,sent,2024-12-19,,2024-12-04T08:00:00Z
inv-459,INV-2024-459,Inez Louise Patel,inez.patel2@outlook.com,789.00,sent,2024-12-14,,2024-11-29T10:15:00Z
inv-460,INV-2024-460,Flora Kay Bass,flora.bass2@email.com,234.75,sent,2024-12-20,,2024-12-05T12:30:00Z
inv-461,INV-2024-461,Hattie Ann Barnett,hattie.barnett2@gmail.com,567.25,sent,2024-12-19,,2024-12-04T14:45:00Z
inv-462,INV-2024-462,Fannie Sue Zimmerman,fannie.zimmerman2@outlook.com,876.00,sent,2024-12-14,,2024-11-29T09:00:00Z
inv-463,INV-2024-463,Ada Marie Sutton,ada.sutton2@email.com,345.50,sent,2024-12-21,,2024-12-06T11:15:00Z
inv-464,INV-2024-464,Mamie Kay Lamb,mamie.lamb2@gmail.com,789.25,sent,2024-12-17,,2024-12-02T13:30:00Z
inv-465,INV-2024-465,Lula Ann Chen,lula.chen2@outlook.com,456.00,sent,2024-12-23,,2024-12-08T15:45:00Z
inv-466,INV-2024-466,Della Sue Nguyen,della.nguyen2@email.com,654.50,sent,2024-12-22,,2024-12-07T08:00:00Z
inv-467,INV-2024-467,Cora Marie Wade,cora.wade2@gmail.com,234.25,sent,2024-12-15,,2024-11-30T10:15:00Z
inv-468,INV-2024-468,Nettie Kay Lindsey,nettie.lindsey2@outlook.com,789.00,sent,2024-12-18,,2024-12-03T12:30:00Z
inv-469,INV-2024-469,Ollie Ann Osborne,ollie.osborne2@email.com,345.00,sent,2024-12-17,,2024-12-02T14:45:00Z
inv-470,INV-2024-470,Ola Sue Rowe,ola.rowe2@gmail.com,567.75,sent,2024-12-19,,2024-12-04T09:00:00Z
inv-471,INV-2024-471,Essie Marie McCarthy,essie.mccarthy2@outlook.com,876.25,sent,2024-12-20,,2024-12-05T11:15:00Z
inv-472,INV-2024-472,Sallie Kay Bowen,sallie.bowen2@email.com,432.50,sent,2024-12-15,,2024-11-30T13:30:00Z
inv-473,INV-2024-473,Lottie Ann Harper,lottie.harper2@gmail.com,789.50,sent,2024-12-21,,2024-12-06T15:45:00Z
inv-474,INV-2024-474,Mittie Sue Blake,mittie.blake2@outlook.com,234.00,sent,2024-12-20,,2024-12-05T08:00:00Z
inv-475,INV-2024-475,Roxie Marie Bishop,roxie.bishop2@email.com,567.00,sent,2024-12-22,,2024-12-07T10:15:00Z
inv-476,INV-2024-476,Nannie Kay Weiss,nannie.weiss2@gmail.com,876.00,sent,2024-12-15,,2024-11-30T12:30:00Z
inv-477,INV-2024-477,Effie Ann Saunders,effie.saunders2@outlook.com,345.25,sent,2024-12-16,,2024-12-01T14:45:00Z
inv-478,INV-2024-478,Callie Sue Pratt,callie.pratt2@email.com,789.75,sent,2024-12-22,,2024-12-07T09:00:00Z
inv-479,INV-2024-479,Nora Marie Poole,nora.poole2@gmail.com,456.50,sent,2024-12-18,,2024-12-03T11:15:00Z
inv-480,INV-2024-480,Dovie Kay Cain,dovie.cain2@outlook.com,654.25,sent,2024-12-18,,2024-12-03T13:30:00Z
inv-481,INV-2024-481,Eula Ann Love,eula.love2@email.com,234.50,sent,2024-12-19,,2024-12-04T15:45:00Z
inv-482,INV-2024-482,Winnie Sue Davidson,winnie.davidson2@gmail.com,789.00,sent,2024-12-18,,2024-12-03T08:00:00Z
inv-483,INV-2024-483,Lela Marie Moody,lela.moody2@outlook.com,345.75,sent,2024-12-21,,2024-12-06T10:15:00Z
inv-484,INV-2024-484,Olga Kay Bond,olga.bond2@email.com,567.25,sent,2024-12-21,,2024-12-06T12:30:00Z
inv-485,INV-2024-485,Etta Ann Underwood,etta.underwood2@gmail.com,876.50,sent,2024-12-22,,2024-12-07T14:45:00Z
inv-486,INV-2024-486,Iva Sue Duffy,iva.duffy2@outlook.com,654.75,sent,2024-12-16,,2024-12-01T09:00:00Z
inv-487,INV-2024-487,Sarah Marie Johnson,sarah.johnson3@gmail.com,1200.00,sent,2024-12-13,,2024-11-28T11:15:00Z
inv-488,INV-2024-488,Emily Rose Davis,emily.davis3@email.com,2340.00,sent,2024-12-22,,2024-12-07T13:30:00Z
inv-489,INV-2024-489,Amanda Lynn Wilson,amanda.wilson3@email.com,3200.00,sent,2024-12-20,,2024-12-05T15:45:00Z
inv-490,INV-2024-490,Jennifer Ann Garcia,jen.garcia3@gmail.com,4500.00,sent,2024-12-24,,2024-12-09T08:00:00Z
inv-491,INV-2024-491,Michelle Kate Thomas,michelle.thomas3@outlook.com,1875.50,sent,2024-12-17,,2024-12-02T10:15:00Z
inv-492,INV-2024-492,Elizabeth Jane White,liz.white3@email.com,5600.00,sent,2024-12-29,,2024-12-14T12:30:00Z
inv-493,INV-2024-493,Patricia Sue Martin,pat.martin3@gmail.com,1100.00,sent,2024-12-14,,2024-11-29T14:45:00Z
inv-494,INV-2024-494,Linda Carol Moore,linda.moore3@outlook.com,675.00,sent,2024-12-20,,2024-12-05T09:00:00Z
inv-495,INV-2024-495,Barbara Jean Lee,barb.lee3@email.com,345.50,sent,2024-12-13,,2024-11-28T11:15:00Z
inv-496,INV-2024-496,Susan Kay Lewis,susan.lewis3@gmail.com,923.25,sent,2024-12-16,,2024-12-01T13:30:00Z
inv-497,INV-2024-497,Nancy Lou Walker,nancy.walker3@outlook.com,287.00,sent,2024-12-11,,2024-11-26T15:45:00Z
inv-498,INV-2024-498,Karen Sue Allen,karen.allen3@email.com,534.00,sent,2024-12-15,,2024-11-30T08:00:00Z
inv-499,INV-2024-499,Betty Jo King,betty.king3@gmail.com,198.50,sent,2024-12-23,,2024-12-08T10:15:00Z
inv-500,INV-2024-500,Dorothy Mae Scott,dorothy.scott3@outlook.com,789.25,sent,2024-12-18,,2024-12-03T12:30:00Z
